bird_ID,transect_ID,date,bird_species_ID,count,position,remarks
1,pap_1_old,5-Feb-2025,Slender-billed weaver,29,p,
2,pap_1_old,5-Feb-2025,Swamp flycatcher,3,p,
3,pap_1_old,5-Feb-2025,African jacana,1,f,
4,pap_1_old,5-Feb-2025,Sand martin,50,f,flock
5,pap_1_old,5-Feb-2025,Pied kingfisher,7,p,
6,pap_1_old,5-Feb-2025,Village weaver,2,p,
7,pap_1_old,5-Feb-2025,Malachite kingfisher,1,p,
8,pap_1_old,5-Feb-2025,Pied kingfisher,2,f,
9,pap_1_old,5-Feb-2025,Lesser masked weaver,1,p,
10,pap_2_old,5-Feb-2025,Pied kingfisher,18,p,
11,pap_2_old,5-Feb-2025,Little egret,2,p,
12,pap_2_old,5-Feb-2025,Speckled mouse bird,1,p,
13,pap_2_old,5-Feb-2025,Slender-billed weaver,27,p,
14,pap_2_old,5-Feb-2025,Swamp flycatcher,10,p,
15,pap_2_old,5-Feb-2025,Sand martin,15,p,
16,pap_2_old,5-Feb-2025,Pied kingfisher,3,f,
17,pap_2_old,5-Feb-2025,Village weaver,1,p,
18,pap_2_old,5-Feb-2025,Black-headed gonolek,2,p,
19,pap_2_old,5-Feb-2025,Zitting cisticola,2,p,
20,tree_1_old,5-Feb-2025,Sand martin,5,f,
21,tree_1_old,5-Feb-2025,Pied kingfisher,28,t,
22,tree_1_old,5-Feb-2025,Swamp flycatcher,8,t,
23,tree_1_old,5-Feb-2025,Long-tailed cormorant,1,t,
24,tree_1_old,5-Feb-2025,Slender-billed weaver,17,t,
25,tree_1_old,5-Feb-2025,Sand martin,10,t,
26,tree_1_old,5-Feb-2025,Red-chested sunbird,5,t,
27,tree_1_old,5-Feb-2025,Long-tailed cormorant,2,w,
28,tree_1_old,5-Feb-2025,Long-tailed cormorant,2,f,
29,tree_1_old,5-Feb-2025,Pied kingfisher,1,f,
30,tree_1_old,5-Feb-2025,Swamp flycatcher,1,f,
31,tree_2_old,5-Feb-2025,Pied kingfisher,8,t,
32,tree_2_old,5-Feb-2025,Swamp flycatcher,7,t,
33,tree_2_old,5-Feb-2025,Pied kingfisher,2,f,
34,tree_2_old,5-Feb-2025,Red-chested sunbird,3,t,
35,tree_2_old,5-Feb-2025,White-throated bee-eater,10,t,
36,tree_2_old,5-Feb-2025,Slender-billed weaver,14,t,
37,tree_2_old,5-Feb-2025,White-winged tern,2,f,
38,tree_2_old,5-Feb-2025,Long-tailed cormorant,3,f,
39,tree_2_old,5-Feb-2025,Hadada ibis,1,f,
40,tree_2_old,5-Feb-2025,Swamp flycatcher,1,f,
41,tree_2_old,5-Feb-2025,Long-tailed cormorant,2,t,
42,tree_2_old,5-Feb-2025,Long-tailed cormorant,1,w,
43,tree_2_old,5-Feb-2025,Slender-billed weaver,1,f,
44,tree_2_old,5-Feb-2025,Common bullbul,1,t,
45,tree_2_old,5-Feb-2025,Common bullbul,2,f,
46,tree_2_old,5-Feb-2025,Golden-backed weaver,1,t,
47,tree_3_old,5-Feb-2025,Pied kingfisher,12,t,
48,tree_3_old,5-Feb-2025,Pied kingfisher,4,f,
49,tree_3_old,5-Feb-2025,Slender-billed weaver,17,t,
50,tree_3_old,5-Feb-2025,Swamp flycatcher,16,t,
51,tree_3_old,5-Feb-2025,Long-tailed cormorant,3,f,
52,tree_3_old,5-Feb-2025,Hadada ibis,2,t,
53,tree_3_old,5-Feb-2025,Red-chested sunbird,1,f,
54,tree_3_old,5-Feb-2025,Red-chested sunbird,3,t,
55,tree_3_old,5-Feb-2025,Long-tailed cormorant,2,t,
56,tree_3_old,5-Feb-2025,Slender-billed weaver,1,f,
57,tree_3_old,5-Feb-2025,Red-eyed dove,2,t,
58,tree_3_old,5-Feb-2025,Malachite kingfisher,1,t,
59,tree_3_old,5-Feb-2025,Common bullbul,2,t,
60,tree_4_old,5-Feb-2025,Pied kingfisher,31,t,
61,tree_4_old,5-Feb-2025,Pied kingfisher,2,f,
62,tree_4_old,5-Feb-2025,Slender-billed weaver,10,t,
63,tree_4_old,5-Feb-2025,Swamp flycatcher,7,t,
64,tree_4_old,5-Feb-2025,Hadada ibis,1,t,
65,tree_4_old,5-Feb-2025,Red-chested sunbird,2,f,
66,tree_4_old,5-Feb-2025,Red-chested sunbird,7,t,
67,tree_4_old,5-Feb-2025,Long-tailed cormorant,1,f,
68,pap_3_old,5-Feb-2025,Pied kingfisher,17,p,
69,pap_3_old,5-Feb-2025,Slender-billed weaver,2,p,
70,pap_3_old,5-Feb-2025,Swamp flycatcher,3,p,
71,pap_3_old,5-Feb-2025,Long-tailed cormorant,1,f,
72,pap_3_old,5-Feb-2025,Little egret,2,f,
73,pap_3_old,5-Feb-2025,Pied kingfisher,2,f,
74,pap_3_old,5-Feb-2025,Black kite,3,f,
75,pap_4_old,5-Feb-2025,Pied kingfisher,13,p,
76,pap_4_old,5-Feb-2025,Slender-billed weaver,5,p,
77,pap_4_old,5-Feb-2025,Swamp flycatcher,1,p,
78,pap_4_old,5-Feb-2025,Pied kingfisher,1,f,
79,pap_4_old,5-Feb-2025,Little egret,1,f,
80,pap_4_old,5-Feb-2025,Zitting cisticola,1,p,
81,tree_5_old,5-Feb-2025,Pied kingfisher,36,t,
82,tree_5_old,5-Feb-2025,Slender-billed weaver,9,t,
83,tree_5_old,5-Feb-2025,Pied kingfisher,3,f,
84,tree_5_old,5-Feb-2025,Red-eyed dove,1,t,
85,tree_5_old,5-Feb-2025,Red-chested sunbird,1,t,
86,tree_5_old,5-Feb-2025,Common bullbul,2,t,
87,tree_5_old,5-Feb-2025,White-throated bee-eater,1,t,
88,tree_5,8-Feb-2025,Pied kingfisher,50,t,
89,tree_5,8-Feb-2025,Slender-billed weaver,20,t,
90,tree_5,8-Feb-2025,Black kite,3,t,
91,tree_5,8-Feb-2025,Red-chested sunbird,6,t,
92,tree_5,8-Feb-2025,Hadada ibis,1,t,
93,tree_5,8-Feb-2025,Little egret,2,t,
94,tree_5,8-Feb-2025,Swamp flycatcher,3,t,
95,tree_5,8-Feb-2025,Zitting cisticola,2,t,
96,tree_5,8-Feb-2025,Sand martin,1,f,
97,tree_5,8-Feb-2025,Pied kingfisher,1,f,
98,tree_5,8-Feb-2025,Red-eyed dove,1,t,
99,tree_5,8-Feb-2025,Black crake,1,t,
100,tree_5,8-Feb-2025,Black kite,1,f,
101,tree_6,8-Feb-2025,Slender-billed weaver,14,t,
102,tree_6,8-Feb-2025,Red-chested sunbird,2,t,
103,tree_6,8-Feb-2025,Swamp flycatcher,4,t,
104,tree_6,8-Feb-2025,Pied kingfisher,11,t,
105,tree_6,8-Feb-2025,Lesser masked weaver,1,t,
106,tree_6,8-Feb-2025,Zitting cisticola,1,t,
107,tree_6,8-Feb-2025,Black kite,2,t,
108,tree_6,8-Feb-2025,Swamp flycatcher,1,f,
109,tree_6,8-Feb-2025,African mourning dove,1,t,
110,pap_5,8-Feb-2025,Pied kingfisher,6,p,
111,pap_5,8-Feb-2025,Village weaver,2,p,
112,pap_5,8-Feb-2025,Swamp flycatcher,7,p,
113,pap_5,8-Feb-2025,Pied kingfisher,2,f,
114,pap_5,8-Feb-2025,Slender-billed weaver,19,p,
115,pap_5,8-Feb-2025,Sand martin,2,p,
116,pap_5,8-Feb-2025,Red-eyed dove,2,p,
117,pap_5,8-Feb-2025,Little egret,1,p,
118,pap_5,8-Feb-2025,Red-eyed dove,1,f,
119,pap_5,8-Feb-2025,African mourning dove,1,f,
120,pap_6,8-Feb-2025,Black kite,1,f,
121,pap_6,8-Feb-2025,Slender-billed weaver,4,p,
122,pap_6,8-Feb-2025,African mourning dove,2,f,
123,pap_6,8-Feb-2025,Pied kingfisher,10,p,
124,pap_6,8-Feb-2025,Striated heron,2,f,
125,pap_6,8-Feb-2025,Swamp flycatcher,1,p,
126,pap_6,8-Feb-2025,Pied kingfisher,1,f,
127,tree_7,8-Feb-2025,Pied kingfisher,24,t,
128,tree_7,8-Feb-2025,Malachite kingfisher,3,t,
129,tree_7,8-Feb-2025,Slender-billed weaver,9,t,
130,tree_7,8-Feb-2025,Slender-billed weaver,100,t,colony
131,tree_7,8-Feb-2025,Black kite,1,f,
132,tree_7,8-Feb-2025,White-throated bee-eater,2,f,
133,tree_7,8-Feb-2025,Swamp flycatcher,1,t,
134,tree_7,8-Feb-2025,White-throated bee-eater,4,t,
135,tree_7,8-Feb-2025,Pied kingfisher,2,f,
136,tree_7,8-Feb-2025,Sand martin,1,f,
137,tree_7,8-Feb-2025,Lesser-striped swallow,6,t,
138,tree_7,8-Feb-2025,Hadada ibis,1,t,
139,tree_7,8-Feb-2025,Striated heron,1,t,
140,tree_7,8-Feb-2025,Little egret,1,f,
141,tree_8,8-Feb-2025,Pied kingfisher,34,t,
142,tree_8,8-Feb-2025,Little egret,3,t,
143,tree_8,8-Feb-2025,Hadada ibis,1,t,
144,tree_8,8-Feb-2025,Slender-billed weaver,9,t,
145,tree_8,8-Feb-2025,Black kite,1,t,
146,tree_8,8-Feb-2025,White-throated bee-eater,12,t,
147,tree_8,8-Feb-2025,Striated heron,2,t,
148,tree_8,8-Feb-2025,Black kite,1,f,
149,tree_8,8-Feb-2025,African mourning dove,1,t,
150,tree_8,8-Feb-2025,White-throated bee-eater,3,f,
151,tree_8,8-Feb-2025,Swamp flycatcher,3,t,
152,tree_8,8-Feb-2025,Malachite kingfisher,2,t,
153,pap_1,12-Feb-2025,Pied kingfisher,33,p,
154,pap_1,12-Feb-2025,Long-tailed cormorant,1,p,
155,pap_1,12-Feb-2025,Slender-billed weaver,8,p,
156,pap_1,12-Feb-2025,Olive bee-eater,1,p,
157,pap_1,12-Feb-2025,Pied kingfisher,2,p,
158,pap_1,12-Feb-2025,Long-tailed cormorant,4,t,
159,pap_1,12-Feb-2025,Little egret,1,t,
160,pap_1,12-Feb-2025,Slender-billed weaver,2,f,
161,pap_1,12-Feb-2025,Swamp flycatcher,2,p,
162,pap_2,12-Feb-2025,Slender-billed weaver,15,p,
163,pap_2,12-Feb-2025,Pied kingfisher,11,p,
164,pap_2,12-Feb-2025,Black-headed gonolek,1,p,
165,pap_2,12-Feb-2025,Pied kingfisher,1,t,
166,pap_2,12-Feb-2025,Village weaver,1,t,
167,pap_2,12-Feb-2025,Swamp flycatcher,1,t,
168,pap_2,12-Feb-2025,African mourning dove,1,t,
169,pap_2,12-Feb-2025,Olive bee-eater,1,t,
170,pap_2,12-Feb-2025,Malachite kingfisher,1,p,
171,pap_2,12-Feb-2025,Swamp flycatcher,1,p,
172,pap_2,12-Feb-2025,Olive bee-eater,1,f,
173,pap_2,12-Feb-2025,Northern brown-throated weaver,3,p,
174,pap_2,12-Feb-2025,Little egret,1,p,
175,tree_1,12-Feb-2025,Pied kingfisher,15,t,
176,tree_1,12-Feb-2025,Red-chested sunbird,7,t,
177,tree_1,12-Feb-2025,Olive bee-eater,1,t,
178,tree_1,12-Feb-2025,White-throated bee-eater,3,t,
179,tree_1,12-Feb-2025,Swamp flycatcher,10,t,
180,tree_1,12-Feb-2025,Sand martin,1,f,
181,tree_1,12-Feb-2025,Slender-billed weaver,4,t,
182,tree_1,12-Feb-2025,Black crake,1,t,
183,tree_1,12-Feb-2025,African mourning dove,3,t,
184,tree_1,12-Feb-2025,Pied kingfisher,1,f,
185,tree_1,12-Feb-2025,Slender-billed weaver,1,f,
186,tree_1,12-Feb-2025,Long-tailed cormorant,1,t,
187,tree_1,12-Feb-2025,Willow warbler,1,t,
188,tree_1,12-Feb-2025,Bronze mannikin,1,t,
189,tree_2,12-Feb-2025,Swamp flycatcher,8,t,
190,tree_2,12-Feb-2025,Pied kingfisher,1,t,
191,tree_2,12-Feb-2025,Slender-billed weaver,13,t,
192,tree_2,12-Feb-2025,Northern brown-throated weaver,4,t,
193,tree_2,12-Feb-2025,Little egret,2,t,
194,tree_2,12-Feb-2025,Olive bee-eater,5,t,
195,tree_2,12-Feb-2025,Long-tailed cormorant,1,f,
196,tree_2,12-Feb-2025,Lesser-striped swallow,2,f,
197,tree_2,12-Feb-2025,Striated heron,1,f,
198,tree_2,12-Feb-2025,Long-tailed cormorant,2,w,
199,tree_2,12-Feb-2025,Pied kingfisher,1,f,
200,tree_2,12-Feb-2025,Long-tailed cormorant,1,t,
201,tree_2,12-Feb-2025,Long-tailed cormorant,3,f,
202,tree_2,12-Feb-2025,Olive bee-eater,1,f,
203,tree_2,12-Feb-2025,White-winged tern,1,f,
204,tree_2,12-Feb-2025,Cardinal woodpecker,1,f,
205,tree_2,12-Feb-2025,African mourning dove,1,t,
206,tree_3,12-Feb-2025,Pied kingfisher,27,t,
207,tree_3,12-Feb-2025,Slender-billed weaver,16,t,
208,tree_3,12-Feb-2025,Long-tailed cormorant,5,f,
209,tree_3,12-Feb-2025,Sand martin,1,t,
210,tree_3,12-Feb-2025,Northern brown-throated weaver,4,t,
211,tree_3,12-Feb-2025,Malachite kingfisher,1,t,
212,tree_3,12-Feb-2025,Woodland kingfisher,1,t,
213,tree_3,12-Feb-2025,Swamp flycatcher,1,t,
214,tree_3,12-Feb-2025,Red-chested sunbird,1,t,
215,tree_3,12-Feb-2025,Slender-billed weaver,3,f,
216,tree_3,12-Feb-2025,Hadada ibis,1,t,
217,tree_3,12-Feb-2025,Sand martin,4,f,
218,tree_3,12-Feb-2025,Little egret,2,f,
219,tree_3,12-Feb-2025,Black crake,1,t,
220,tree_3,12-Feb-2025,Bronze mannikin,1,f,
221,tree_4,12-Feb-2025,Slender-billed weaver,28,t,
222,tree_4,12-Feb-2025,Swamp flycatcher,5,t,
223,tree_4,12-Feb-2025,Pied kingfisher,9,t,
224,tree_4,12-Feb-2025,African mourning dove,5,t,
225,tree_4,12-Feb-2025,Long-tailed cormorant,2,t,
226,tree_4,12-Feb-2025,Northern brown-throated weaver,4,f,
227,tree_4,12-Feb-2025,Red-chested sunbird,5,t,
228,tree_4,12-Feb-2025,Pied kingfisher,7,f,
229,tree_4,12-Feb-2025,Red-chested sunbird,2,f,
230,tree_4,12-Feb-2025,Black-headed weaver,2,t,
231,tree_4,12-Feb-2025,White-throated bee-eater,2,t,
232,tree_4,12-Feb-2025,Olive bee-eater,3,t,
233,tree_4,12-Feb-2025,Long-tailed cormorant,2,f,
234,tree_4,12-Feb-2025,Cardinal woodpecker,1,t,
235,tree_4,12-Feb-2025,Striated heron,1,t,
236,pap_3,12-Feb-2025,Swamp flycatcher,13,p,
237,pap_3,12-Feb-2025,Northern brown-throated weaver,7,t,
238,pap_3,12-Feb-2025,Slender-billed weaver,8,p,
239,pap_3,12-Feb-2025,Pied kingfisher,2,f,
240,pap_3,12-Feb-2025,Pied kingfisher,6,p,
241,pap_3,12-Feb-2025,Black kite,1,t,
242,pap_3,12-Feb-2025,Common sandpiper,1,p,
243,pap_3,12-Feb-2025,Long-tailed cormorant,1,p,
244,pap_3,12-Feb-2025,African fish eagle,1,t,
245,pap_3,12-Feb-2025,Red-chested sunbird,1,p,
246,pap_3,12-Feb-2025,Black crake,3,p,
247,pap_4,12-Feb-2025,Swamp flycatcher,3,p,
248,pap_4,12-Feb-2025,African palm swift,1,f,
249,pap_4,12-Feb-2025,Northern brown-throated weaver,8,p,
250,pap_4,12-Feb-2025,Pied kingfisher,5,p,
251,pap_4,12-Feb-2025,Little egret,1,p,
252,pap_4,12-Feb-2025,Black kite,2,f,
253,pap_4,12-Feb-2025,Slender-billed weaver,3,p,
254,tree_5,12-Feb-2025,Pied kingfisher,78,t,
255,tree_5,12-Feb-2025,Long-tailed cormorant,3,t,
256,tree_5,12-Feb-2025,Northern brown-throated weaver,4,t,
257,tree_5,12-Feb-2025,Red-chested sunbird,2,t,
258,tree_5,12-Feb-2025,Slender-billed weaver,6,t,
259,tree_5,12-Feb-2025,Pied kingfisher,17,t,
260,tree_5,12-Feb-2025,Swamp flycatcher,3,t,
261,tree_5,12-Feb-2025,Swamp flycatcher,1,f,
262,tree_5,12-Feb-2025,Black kite,1,t,
263,tree_5,12-Feb-2025,African mourning dove,2,t,
264,tree_5,12-Feb-2025,Pied kingfisher,1,f,
265,pap_4,13-Feb-2025,Northern brown-throated weaver,2,p,
266,pap_4,13-Feb-2025,Long-tailed cormorant,1,f,
267,pap_4,13-Feb-2025,Pied kingfisher,4,p,
268,pap_4,13-Feb-2025,Grey heron,1,f,
269,pap_4,13-Feb-2025,Black kite,2,f,
270,pap_4,13-Feb-2025,Pied kingfisher,3,f,
271,pap_4,13-Feb-2025,Sand martin,2,f,
272,pap_4,13-Feb-2025,Slender-billed weaver,3,p,
273,tree_5,13-Feb-2025,Pied kingfisher,84,t,
274,tree_5,13-Feb-2025,Black kite,1,f,
275,tree_5,13-Feb-2025,Little egret,5,t,
276,tree_5,13-Feb-2025,Slender-billed weaver,5,t,
277,tree_5,13-Feb-2025,Pied kingfisher,6,f,
278,tree_5,13-Feb-2025,Swamp flycatcher,4,t,
279,tree_5,13-Feb-2025,Red-chested sunbird,1,t,
280,tree_5,13-Feb-2025,African mourning dove,2,t,
281,tree_5,13-Feb-2025,Black kite,1,t,
282,tree_5,13-Feb-2025,African fish eagle,2,t,
283,tree_5,13-Feb-2025,Northern brown-throated weaver,1,f,
284,tree_5,13-Feb-2025,Northern brown-throated weaver,6,t,
285,tree_5,13-Feb-2025,Sand martin,2,f,
286,tree_5,13-Feb-2025,African mourning dove,1,t,
287,tree_5,13-Feb-2025,White-throated bee-eater,2,t,
288,tree_6,13-Feb-2025,Northern brown-throated weaver,7,t,
289,tree_6,13-Feb-2025,Pied kingfisher,9,t,
290,tree_6,13-Feb-2025,African mourning dove,2,t,
291,tree_6,13-Feb-2025,Slender-billed weaver,3,t,
292,tree_6,13-Feb-2025,Lesser-striped swallow,1,t,
293,tree_6,13-Feb-2025,Sand martin,8,f,
294,tree_6,13-Feb-2025,Pied kingfisher,2,f,
295,tree_6,13-Feb-2025,Common bullbul,2,t,
296,tree_6,13-Feb-2025,Little egret,1,f,
297,pap_5,13-Feb-2025,Pied kingfisher,23,p,
298,pap_5,13-Feb-2025,Northern brown-throated weaver,6,p,
299,pap_5,13-Feb-2025,Pied kingfisher,2,f,
300,pap_5,13-Feb-2025,Slender-billed weaver,7,p,
301,pap_5,13-Feb-2025,Little egret,2,p,
302,pap_5,13-Feb-2025,Little egret,1,t,
303,pap_5,13-Feb-2025,Pied kingfisher,2,t,
304,pap_5,13-Feb-2025,Slender-billed weaver,3,t,
305,pap_5,13-Feb-2025,Pied kingfisher,12,t,
306,pap_5,13-Feb-2025,Black crake,1,p,
307,pap_5,13-Feb-2025,Malachite kingfisher,2,p,
308,pap_6,13-Feb-2025,Pied kingfisher,5,f,
309,pap_6,13-Feb-2025,Pied kingfisher,16,p,
310,pap_6,13-Feb-2025,Lesser-striped swallow,7,f,
311,pap_6,13-Feb-2025,Sand martin,3,f,
312,pap_6,13-Feb-2025,Malachite kingfisher,1,p,
313,pap_6,13-Feb-2025,Slender-billed weaver,6,p,
314,pap_6,13-Feb-2025,Swamp flycatcher,2,p,
315,pap_6,13-Feb-2025,Pied kingfisher,9,t,
316,pap_6,13-Feb-2025,Swamp flycatcher,1,t,
317,pap_6,13-Feb-2025,Slender-billed weaver,1,t,
318,pap_6,13-Feb-2025,Striated heron,1,t,
319,pap_6,13-Feb-2025,Common sandpiper,1,f,
320,pap_6,13-Feb-2025,Swamp flycatcher,2,p,
321,pap_6,13-Feb-2025,Striated heron,1,p,
322,pap_6,13-Feb-2025,Northern brown-throated weaver,1,p,
323,tree_7,13-Feb-2025,Swamp flycatcher,1,t,
324,tree_7,13-Feb-2025,Pied kingfisher,45,t,
325,tree_7,13-Feb-2025,Swamp flycatcher,1,f,
326,tree_7,13-Feb-2025,Little egret,3,t,
327,tree_7,13-Feb-2025,Slender-billed weaver,2,f,
328,tree_7,13-Feb-2025,Sand martin,7,f,
329,tree_7,13-Feb-2025,Olive bee-eater,4,t,
330,tree_7,13-Feb-2025,Northern brown-throated weaver,8,t,
331,tree_7,13-Feb-2025,Lesser-striped swallow,1,f,
332,tree_7,13-Feb-2025,Pied kingfisher,3,f,
333,tree_7,13-Feb-2025,Lesser-striped swallow,2,t,
334,tree_7,13-Feb-2025,Lesser-striped swallow,20,f,flock
335,tree_7,13-Feb-2025,Striated heron,2,t,
336,tree_7,13-Feb-2025,Hadada ibis,2,t,
337,tree_7,13-Feb-2025,Northern brown-throated weaver,1,f,
338,tree_7,13-Feb-2025,Slender-billed weaver,3,t,
339,tree_7,13-Feb-2025,Black kite,1,t,
340,tree_7,13-Feb-2025,Malachite kingfisher,2,t,
341,tree_7,13-Feb-2025,Black-headed weaver,1,t,
342,tree_7,13-Feb-2025,Black kite,1,f,
343,tree_7,13-Feb-2025,Common bullbul,2,f,
344,tree_8,13-Feb-2025,Sand martin,10,f,
345,tree_8,13-Feb-2025,Pied kingfisher,19,t,
346,tree_8,13-Feb-2025,Pied kingfisher,8,f,
347,tree_8,13-Feb-2025,Slender-billed weaver,2,f,
348,tree_8,13-Feb-2025,Northern brown-throated weaver,10,t,
349,tree_8,13-Feb-2025,Village weaver,2,t,
350,tree_8,13-Feb-2025,Olive bee-eater,14,t,
351,tree_8,13-Feb-2025,Long-tailed cormorant,1,f,
352,tree_8,13-Feb-2025,Black kite,2,f,
353,tree_8,13-Feb-2025,Red-chested sunbird,1,t,
354,tree_8,13-Feb-2025,Swamp flycatcher,2,t,
355,tree_8,13-Feb-2025,Lesser-striped swallow,1,f,
356,tree_8,13-Feb-2025,Lesser-striped swallow,2,t,
357,tree_8,13-Feb-2025,Malachite kingfisher,1,t,
358,tree_8,13-Feb-2025,African palm swift,4,f,
359,tree_8,13-Feb-2025,Olive bee-eater,1,f,
360,tree_8,13-Feb-2025,African mourning dove,3,t,
361,tree_8,13-Feb-2025,Little egret,2,f,
362,tree_8,13-Feb-2025,Long-tailed cormorant,1,t,
363,pap_1,19-Feb-2025,Pied kingfisher,14,p,
364,pap_1,19-Feb-2025,Slender-billed weaver,64,p,
365,pap_1,19-Feb-2025,Swamp flycatcher,3,f,
366,pap_1,19-Feb-2025,Sand martin,18,f,
367,pap_1,19-Feb-2025,Malachite kingfisher,5,p,
368,pap_1,19-Feb-2025,Swamp flycatcher,5,p,
369,pap_1,19-Feb-2025,African jacana,1,p,
370,pap_1,19-Feb-2025,Black-headed gonolek,2,p,
371,pap_1,19-Feb-2025,Northern brown-throated weaver,3,p,
372,pap_1,19-Feb-2025,Long-tailed cormorant,1,w,sitting on tree
373,pap_1,19-Feb-2025,Willow warbler,4,p,
374,pap_1,19-Feb-2025,Red-chested sunbird,2,t,
375,pap_1,19-Feb-2025,Olive bee-eater,1,t,
376,pap_1,19-Feb-2025,Slender-billed weaver,4,t,
377,pap_1,19-Feb-2025,Pied kingfisher,5,t,
378,pap_1,19-Feb-2025,Cardinal woodpecker,1,t,
379,pap_1,19-Feb-2025,Swamp flycatcher,2,t,
380,pap_1,19-Feb-2025,Red-chested sunbird,1,p,
381,pap_1,19-Feb-2025,Long-tailed cormorant,1,p,
382,pap_1,19-Feb-2025,Long-tailed cormorant,2,t,
383,pap_2,19-Feb-2025,Northern brown-throated weaver,31,p,
384,pap_2,19-Feb-2025,Slender-billed weaver,27,p,
385,pap_2,19-Feb-2025,Willow warbler,4,p,
386,pap_2,19-Feb-2025,Village weaver,3,p,
387,pap_2,19-Feb-2025,Malachite kingfisher,1,p,
388,pap_2,19-Feb-2025,Common bullbul,2,p,
389,pap_2,19-Feb-2025,Swamp flycatcher,8,p,
390,pap_2,19-Feb-2025,Pied kingfisher,2,t,
391,pap_2,19-Feb-2025,Northern brown-throated weaver,1,t,
392,pap_2,19-Feb-2025,Olive bee-eater,1,f,
393,pap_2,19-Feb-2025,Pied kingfisher,10,p,
394,pap_2,19-Feb-2025,Black-headed gonolek,1,p,
395,pap_2,19-Feb-2025,Black-headed weaver,1,p,
396,tree_1,19-Feb-2025,Slender-billed weaver,50,t,
397,tree_1,19-Feb-2025,Long-tailed cormorant,1,t,
398,tree_1,19-Feb-2025,Northern brown-throated weaver,4,t,
399,tree_1,19-Feb-2025,Pied kingfisher,12,t,
400,tree_1,19-Feb-2025,Sand martin,40,t,
401,tree_1,19-Feb-2025,Swamp flycatcher,4,t,
402,tree_1,19-Feb-2025,Striated heron,1,f,
403,tree_1,19-Feb-2025,Malachite kingfisher,1,t,
404,tree_1,19-Feb-2025,Sand martin,12,f,
405,tree_1,19-Feb-2025,Black crake,1,t,
406,tree_1,19-Feb-2025,Pied kingfisher,1,f,
407,tree_1,19-Feb-2025,Long-tailed cormorant,3,t,
408,tree_1,19-Feb-2025,Golden-backed weaver,1,t,
409,tree_1,19-Feb-2025,Common bullbul,1,t,
410,tree_1,19-Feb-2025,Black-headed weaver,2,t,
411,tree_2,19-Feb-2025,Long-tailed cormorant,8,t,
412,tree_2,19-Feb-2025,Sand martin,12,t,
413,tree_2,19-Feb-2025,Slender-billed weaver,32,t,
414,tree_2,19-Feb-2025,Sand martin,60,f,
415,tree_2,19-Feb-2025,Golden-backed weaver,1,t,
416,tree_2,19-Feb-2025,White-winged tern,1,f,
417,tree_2,19-Feb-2025,Long-tailed cormorant,3,f,
418,tree_2,19-Feb-2025,Pied kingfisher,3,t,
419,tree_2,19-Feb-2025,Swamp flycatcher,3,t,
420,tree_2,19-Feb-2025,Northern brown-throated weaver,7,t,
421,tree_2,19-Feb-2025,African mourning dove,1,t,
422,tree_2,19-Feb-2025,Black-headed weaver,4,t,
423,tree_3,19-Feb-2025,Northern brown-throated weaver,3,t,
424,tree_3,19-Feb-2025,Swamp flycatcher,9,t,
425,tree_3,19-Feb-2025,Slender-billed weaver,20,t,
426,tree_3,19-Feb-2025,Black kite,1,t,
427,tree_3,19-Feb-2025,African mourning dove,1,t,
428,tree_3,19-Feb-2025,Pied kingfisher,20,t,
429,tree_3,19-Feb-2025,Red-chested sunbird,4,t,
430,tree_3,19-Feb-2025,Long-tailed cormorant,3,f,
431,tree_3,19-Feb-2025,Long-tailed cormorant,3,t,
432,tree_3,19-Feb-2025,Pied kingfisher,6,f,
433,tree_3,19-Feb-2025,Hadada ibis,1,t,
434,tree_3,19-Feb-2025,Black kite,1,f,
435,tree_3,19-Feb-2025,Slender-billed weaver,1,f,
436,tree_3,19-Feb-2025,Black-headed gonolek,1,t,
437,tree_3,19-Feb-2025,Black-headed weaver,12,t,
438,tree_4,19-Feb-2025,Malachite kingfisher,2,t,
439,tree_4,19-Feb-2025,Slender-billed weaver,2,f,
440,tree_4,19-Feb-2025,Pied kingfisher,25,t,
441,tree_4,19-Feb-2025,Swamp flycatcher,6,t,
442,tree_4,19-Feb-2025,Slender-billed weaver,17,t,
443,tree_4,19-Feb-2025,Long-tailed cormorant,1,f,
444,tree_4,19-Feb-2025,Northern brown-throated weaver,1,t,
445,tree_4,19-Feb-2025,Pied kingfisher,2,f,
446,tree_4,19-Feb-2025,Long-tailed cormorant,1,w,sitting on tree
447,tree_4,19-Feb-2025,Red-chested sunbird,1,t,
448,tree_4,19-Feb-2025,Bronze mannikin,2,t,
449,tree_4,19-Feb-2025,Little egret,2,f,
450,tree_4,19-Feb-2025,Black kite,1,f,
451,tree_3,20-Feb-2025,Lesser-striped swallow,40,f,
452,tree_3,20-Feb-2025,Olive bee-eater,1,t,
453,tree_3,20-Feb-2025,Lesser-striped swallow,3,t,
454,tree_3,20-Feb-2025,Pied kingfisher,25,t,
455,tree_3,20-Feb-2025,Slender-billed weaver,23,t,
456,tree_3,20-Feb-2025,Black crake,11,t,
457,tree_3,20-Feb-2025,Tawny-flanked prinia,1,t,
458,tree_3,20-Feb-2025,Sand martin,30,f,
459,tree_3,20-Feb-2025,Long-tailed cormorant,2,t,
460,tree_3,20-Feb-2025,Northern brown-throated weaver,4,t,
461,tree_3,20-Feb-2025,Swamp flycatcher,10,t,
462,tree_3,20-Feb-2025,Pied kingfisher,2,f,
463,tree_3,20-Feb-2025,African mourning dove,5,t,
464,tree_3,20-Feb-2025,Woodland kingfisher,2,t,
465,tree_3,20-Feb-2025,Black-shouldered kite,1,f,
466,tree_3,20-Feb-2025,Malachite kingfisher,2,t,
467,tree_3,20-Feb-2025,White-winged tern,1,t,
468,tree_3,20-Feb-2025,Dusky turtle dove,1,t,
469,tree_3,20-Feb-2025,Red-chested sunbird,3,t,
470,tree_3,20-Feb-2025,Golden-backed weaver,1,t,
471,tree_4,20-Feb-2025,Pied kingfisher,29,t,
472,tree_4,20-Feb-2025,Slender-billed weaver,39,t,
473,tree_4,20-Feb-2025,Swamp flycatcher,5,t,
474,tree_4,20-Feb-2025,Long-tailed cormorant,4,t,
475,tree_4,20-Feb-2025,Sand martin,2,f,
476,tree_4,20-Feb-2025,Olive bee-eater,1,t,
477,tree_4,20-Feb-2025,Golden-backed weaver,4,t,
478,tree_4,20-Feb-2025,Striated heron,2,t,
479,tree_4,20-Feb-2025,Black-headed gonolek,1,t,
480,tree_4,20-Feb-2025,Malachite kingfisher,2,t,
481,tree_4,20-Feb-2025,Northern brown-throated weaver,4,t,
482,tree_4,20-Feb-2025,Red-chested sunbird,1,t,
483,tree_4,20-Feb-2025,Little egret,1,t,
484,tree_4,20-Feb-2025,Pied kingfisher,1,f,
485,pap_3,20-Feb-2025,Pied kingfisher,3,t,
486,pap_3,20-Feb-2025,Swamp flycatcher,4,t,
487,pap_3,20-Feb-2025,African mourning dove,1,f,
488,pap_3,20-Feb-2025,Slender-billed weaver,13,p,
489,pap_3,20-Feb-2025,Black crake,5,p,
490,pap_3,20-Feb-2025,Pied kingfisher,13,p,
491,pap_3,20-Feb-2025,Northern brown-throated weaver,3,p,
492,pap_3,20-Feb-2025,Northern brown-throated weaver,1,p,
493,pap_3,20-Feb-2025,Zitting cisticola,1,p,
494,pap_3,20-Feb-2025,Long-tailed cormorant,1,f,
495,pap_3,20-Feb-2025,Swamp flycatcher,7,p,
496,pap_3,20-Feb-2025,Northern brown-throated weaver,4,f,
497,pap_3,20-Feb-2025,African fish eagle,1,t,
498,pap_3,20-Feb-2025,Little egret,1,t,
499,pap_3,20-Feb-2025,Red-chested sunbird,1,t,
500,pap_3,20-Feb-2025,Long-tailed cormorant,1,p,
501,pap_3,20-Feb-2025,Pied kingfisher,1,f,
502,pap_4,20-Feb-2025,Pied kingfisher,15,p,
503,pap_4,20-Feb-2025,Swamp flycatcher,6,p,
504,pap_4,20-Feb-2025,Long-tailed cormorant,2,p,
505,pap_4,20-Feb-2025,Northern brown-throated weaver,18,p,
506,pap_4,20-Feb-2025,Slender-billed weaver,7,p,
507,pap_4,20-Feb-2025,Willow warbler,2,p,
508,pap_4,20-Feb-2025,Swamp flycatcher,2,f,
509,pap_4,20-Feb-2025,Little egret,1,p,
510,pap_4,20-Feb-2025,Zitting cisticola,1,p,
511,pap_4,20-Feb-2025,Bronze mannikin,2,f,
512,tree_5,20-Feb-2025,Long-tailed cormorant,7,t,
513,tree_5,20-Feb-2025,Little egret,3,t,
514,tree_5,20-Feb-2025,Pied kingfisher,98,t,
515,tree_5,20-Feb-2025,Slender-billed weaver,30,t,
516,tree_5,20-Feb-2025,Northern brown-throated weaver,10,t,
517,tree_5,20-Feb-2025,Red-chested sunbird,3,t,
518,tree_5,20-Feb-2025,Black kite,4,t,
519,tree_5,20-Feb-2025,Black crake,2,t,
520,tree_5,20-Feb-2025,African mourning dove,1,t,
521,tree_5,20-Feb-2025,Pied kingfisher,2,f,
522,tree_5,20-Feb-2025,Pied kingfisher,7,t,
523,tree_5,20-Feb-2025,Swamp flycatcher,4,t,
524,tree_5,20-Feb-2025,Sand martin,1,f,
525,tree_5,20-Feb-2025,Malachite kingfisher,1,f,
526,tree_6,20-Feb-2025,Pied kingfisher,11,t,
527,tree_6,20-Feb-2025,Swamp flycatcher,2,t,
528,tree_6,20-Feb-2025,Slender-billed weaver,11,t,
529,tree_6,20-Feb-2025,African mourning dove,2,t,
530,tree_6,20-Feb-2025,Pied kingfisher,5,f,
531,tree_6,20-Feb-2025,Swamp flycatcher,1,f,
532,tree_6,20-Feb-2025,Black kite,3,t,
533,tree_6,20-Feb-2025,Northern brown-throated weaver,4,t,
534,tree_6,20-Feb-2025,Golden-backed weaver,2,t,
535,pap_5,20-Feb-2025,Pied kingfisher,12,f,
536,pap_5,20-Feb-2025,Pied kingfisher,49,p,
537,pap_5,20-Feb-2025,Striated heron,1,f,
538,pap_5,20-Feb-2025,Long-tailed cormorant,1,f,
539,pap_5,20-Feb-2025,Striated heron,1,p,
540,pap_5,20-Feb-2025,Northern brown-throated weaver,1,f,
541,pap_5,20-Feb-2025,Swamp flycatcher,4,p,
542,pap_5,20-Feb-2025,African mourning dove,2,f,
543,pap_5,20-Feb-2025,African mourning dove,1,t,
544,pap_5,20-Feb-2025,Slender-billed weaver,12,t,
545,pap_5,20-Feb-2025,Pied kingfisher,22,t,
546,pap_5,20-Feb-2025,Slender-billed weaver,7,p,
547,pap_5,20-Feb-2025,Little egret,1,p,
548,pap_5,20-Feb-2025,Slender-billed weaver,2,f,
549,pap_5,20-Feb-2025,Striated heron,1,p,
550,pap_6,20-Feb-2025,Pied kingfisher,60,p,
551,pap_6,20-Feb-2025,Pied kingfisher,12,f,
552,pap_6,20-Feb-2025,Striated heron,2,p,
553,pap_6,20-Feb-2025,Little egret,3,p,
554,pap_6,20-Feb-2025,Northern brown-throated weaver,9,p,
555,pap_6,20-Feb-2025,Swamp flycatcher,4,p,
556,pap_6,20-Feb-2025,Slender-billed weaver,4,p,
557,pap_6,20-Feb-2025,African fish eagle,1,t,
558,pap_6,20-Feb-2025,Pied kingfisher,5,t,
559,pap_6,20-Feb-2025,African mourning dove,1,t,
560,pap_6,20-Feb-2025,Long-tailed cormorant,1,w,
561,pap_6,20-Feb-2025,Olive bee-eater,1,f,
562,tree_7,20-Feb-2025,Little egret,13,t,
563,tree_7,20-Feb-2025,Pied kingfisher,28,t,
564,tree_7,20-Feb-2025,African fish eagle,1,t,
565,tree_7,20-Feb-2025,Pied kingfisher,7,f,
566,tree_7,20-Feb-2025,Striated heron,1,f,
567,tree_7,20-Feb-2025,Slender-billed weaver,3,f,
568,tree_7,20-Feb-2025,Slender-billed weaver,7,t,
569,tree_7,20-Feb-2025,Red-chested sunbird,1,t,
570,tree_7,20-Feb-2025,African mourning dove,2,t,
571,tree_7,20-Feb-2025,Striated heron,1,t,
572,tree_7,20-Feb-2025,Northern brown-throated weaver,5,t,
573,tree_7,20-Feb-2025,Sand martin,5,f,
574,tree_7,20-Feb-2025,African harrier hawk,1,t,
575,tree_7,20-Feb-2025,Swamp flycatcher,1,t,
576,tree_7,20-Feb-2025,Village weaver,25,t,colony
577,tree_7,20-Feb-2025,Northern brown-throated weaver,11,f,
578,tree_7,20-Feb-2025,Olive bee-eater,2,t,
579,tree_7,20-Feb-2025,Black kite,1,f,
580,tree_7,20-Feb-2025,Barn swallow,8,t,
581,tree_8,21-Feb-2025,Northern brown-throated weaver,8,t,
582,tree_8,21-Feb-2025,Pied kingfisher,30,t,
583,tree_8,21-Feb-2025,Little egret,2,f,
584,tree_8,21-Feb-2025,Black kite,1,t,
585,tree_8,21-Feb-2025,Little egret,1,t,
586,tree_8,21-Feb-2025,Slender-billed weaver,27,t,
587,tree_8,21-Feb-2025,African mourning dove,2,t,
588,tree_8,21-Feb-2025,Long-tailed cormorant,1,f,
589,tree_8,21-Feb-2025,Village weaver,2,t,
590,tree_8,21-Feb-2025,Pied kingfisher,7,f,
591,tree_8,21-Feb-2025,Dusky turtle dove,1,t,
592,tree_8,21-Feb-2025,Black kite,1,f,
593,tree_8,21-Feb-2025,Slender-billed weaver,2,f,
594,tree_8,21-Feb-2025,Olive bee-eater,13,t,
595,tree_8,21-Feb-2025,Olive bee-eater,1,f,
596,tree_8,21-Feb-2025,Swamp flycatcher,5,t,
597,tree_7,21-Feb-2025,Olive bee-eater,2,t,
598,tree_7,21-Feb-2025,Pied kingfisher,50,t,
599,tree_7,21-Feb-2025,Striated heron,3,t,
600,tree_7,21-Feb-2025,Slender-billed weaver,8,t,
601,tree_7,21-Feb-2025,Red-chested sunbird,2,t,
602,tree_7,21-Feb-2025,African mourning dove,4,t,
603,tree_7,21-Feb-2025,Swamp flycatcher,4,t,
604,tree_7,21-Feb-2025,Little egret,4,t,
605,tree_7,21-Feb-2025,African fish eagle,1,t,
606,tree_7,21-Feb-2025,Sand martin,10,f,
607,tree_7,21-Feb-2025,Northern brown-throated weaver,17,t,
608,tree_7,21-Feb-2025,White-faced whistling-duck,1,f,
609,tree_7,21-Feb-2025,Long-tailed cormorant,2,t,
610,tree_7,21-Feb-2025,Striated heron,1,f,
611,tree_7,21-Feb-2025,Village weaver,41,t,colony
612,tree_7,21-Feb-2025,Black crake,2,t,
613,tree_7,21-Feb-2025,Malachite kingfisher,1,t,
614,tree_7,21-Feb-2025,Black-headed weaver,2,f,
615,tree_7,21-Feb-2025,Little egret,2,f,
616,tree_7,21-Feb-2025,Black kite,1,f,
617,pap_6,21-Feb-2025,Slender-billed weaver,16,p,
618,pap_6,21-Feb-2025,Pied kingfisher,34,p,
619,pap_6,21-Feb-2025,Dusky turtle dove,3,f,
620,pap_6,21-Feb-2025,Swamp flycatcher,3,p,
621,pap_6,21-Feb-2025,Malachite kingfisher,1,p,
622,pap_6,21-Feb-2025,Striated heron,1,p,
623,pap_6,21-Feb-2025,Slender-billed weaver,1,t,
624,pap_6,21-Feb-2025,Swamp flycatcher,4,t,
625,pap_6,21-Feb-2025,Zitting cisticola,1,p,
626,pap_6,21-Feb-2025,Slender-billed weaver,3,f,
627,pap_6,21-Feb-2025,Pied kingfisher,6,t,
628,pap_6,21-Feb-2025,Red-chested sunbird,1,t,
629,pap_6,21-Feb-2025,Common sandpiper,1,f,
630,pap_6,21-Feb-2025,Northern brown-throated weaver,2,p,
631,pap_6,21-Feb-2025,Little egret,1,p,
632,pap_6,21-Feb-2025,Pied kingfisher,1,f,
633,pap_6,21-Feb-2025,Bronze mannikin,15,f,flock
634,tree_8,9-Mar-2025,Hadada ibis,1,f,
635,tree_8,9-Mar-2025,Long-tailed cormorant,3,t,
636,tree_8,9-Mar-2025,Little egret,4,t,
637,tree_8,9-Mar-2025,Pied kingfisher,34,t,
638,tree_8,9-Mar-2025,Striated heron,2,t,
639,tree_8,9-Mar-2025,Ring-necked dove,5,t,
640,tree_8,9-Mar-2025,Pied kingfisher,5,f,
641,tree_8,9-Mar-2025,Olive bee-eater,33,t,
642,tree_8,9-Mar-2025,Black-headed gonolek,1,t,
643,tree_8,9-Mar-2025,Swamp flycatcher,4,t,
644,tree_8,9-Mar-2025,Slender-billed weaver,5,t,
645,tree_8,9-Mar-2025,Slender-billed weaver,5,f,
646,tree_8,9-Mar-2025,Northern brown-throated weaver,4,f,
647,tree_8,9-Mar-2025,Northern brown-throated weaver,7,t,
648,tree_8,9-Mar-2025,Long-tailed cormorant,1,f,
649,tree_8,9-Mar-2025,Black kite,1,f,
650,tree_8,9-Mar-2025,Village weaver,21,t,
651,tree_8,9-Mar-2025,Ring-necked dove,1,f,
652,tree_8,9-Mar-2025,Little egret,3,f,
653,tree_8,9-Mar-2025,Striated heron,1,f,
654,tree_7,9-Mar-2025,Pied kingfisher,57,t,
655,tree_7,9-Mar-2025,Swamp flycatcher,3,t,
656,tree_7,9-Mar-2025,Little egret,3,t,
657,tree_7,9-Mar-2025,White-winged tern,1,f,
658,tree_7,9-Mar-2025,Little egret,3,f,
659,tree_7,9-Mar-2025,African palm swift,2,f,
660,tree_7,9-Mar-2025,Pied kingfisher,4,f,
661,tree_7,9-Mar-2025,Northern brown-throated weaver,6,f,
662,tree_7,9-Mar-2025,Ring-necked dove,2,f,
663,tree_7,9-Mar-2025,Northern brown-throated weaver,5,t,
664,tree_7,9-Mar-2025,Slender-billed weaver,7,t,
665,tree_7,9-Mar-2025,Village weaver,31,t,
666,tree_7,9-Mar-2025,Sand martin,1,f,
667,tree_7,9-Mar-2025,African spoonbill,1,f,
668,tree_7,9-Mar-2025,Long-tailed cormorant,1,t,
669,tree_7,9-Mar-2025,Ring-necked dove,4,t,
670,tree_7,9-Mar-2025,Striated heron,1,f,
671,tree_7,9-Mar-2025,Red-chested sunbird,2,t,
672,tree_7,9-Mar-2025,Long-tailed cormorant,1,f,
673,pap_6,9-Mar-2025,Pied kingfisher,4,f,
674,pap_6,9-Mar-2025,Swamp flycatcher,9,p,
675,pap_6,9-Mar-2025,Ring-necked dove,1,f,
676,pap_6,9-Mar-2025,Malachite kingfisher,2,f,
677,pap_6,9-Mar-2025,Northern brown-throated weaver,13,p,
678,pap_6,9-Mar-2025,Zitting cisticola,3,p,
679,pap_6,9-Mar-2025,Slender-billed weaver,3,p,
680,pap_6,9-Mar-2025,African jacana,1,f,
681,pap_6,9-Mar-2025,Northern brown-throated weaver,18,f,
682,pap_6,9-Mar-2025,Northern brown-throated weaver,5,t,
683,pap_6,9-Mar-2025,Pied kingfisher,6,t,
684,pap_6,9-Mar-2025,Slender-billed weaver,1,t,
685,pap_6,9-Mar-2025,Black-headed gonolek,1,t,
686,pap_6,9-Mar-2025,African jacana,1,p,
687,pap_6,9-Mar-2025,Pied kingfisher,9,p,
688,pap_6,9-Mar-2025,Malachite kingfisher,3,p,
689,pap_6,9-Mar-2025,Black kite,2,f,
690,pap_6,9-Mar-2025,Long-tailed cormorant,1,p,
691,pap_6,9-Mar-2025,Striated heron,1,p,
692,pap_5,9-Mar-2025,Pied kingfisher,8,p,
693,pap_5,9-Mar-2025,Northern brown-throated weaver,14,p,
694,pap_5,9-Mar-2025,Pied kingfisher,1,f,
695,pap_5,9-Mar-2025,Little egret,4,p,
696,pap_5,9-Mar-2025,Swamp flycatcher,6,p,
697,pap_5,9-Mar-2025,Malachite kingfisher,2,p,
698,pap_5,9-Mar-2025,Zitting cisticola,1,p,
699,pap_5,9-Mar-2025,Black kite,1,t,
700,pap_5,9-Mar-2025,Pied kingfisher,25,t,
701,pap_5,9-Mar-2025,Little egret,1,t,
702,pap_5,9-Mar-2025,Ring-necked dove,2,f,
703,pap_5,9-Mar-2025,Northern brown-throated weaver,5,t,
704,pap_5,9-Mar-2025,Slender-billed weaver,6,t,
705,pap_5,9-Mar-2025,Black kite,1,f,
706,pap_5,9-Mar-2025,Little egret,1,f,
707,pap_5,9-Mar-2025,Long-tailed cormorant,1,f,
708,tree_6,9-Mar-2025,Black kite,2,t,
709,tree_6,9-Mar-2025,Swamp flycatcher,12,t,
710,tree_6,9-Mar-2025,Pied kingfisher,11,t,
711,tree_6,9-Mar-2025,Olive bee-eater,2,t,
712,tree_6,9-Mar-2025,Slender-billed weaver,1,t,
713,tree_6,9-Mar-2025,Pied kingfisher,5,f,
714,tree_6,9-Mar-2025,Black kite,1,f,
715,tree_6,9-Mar-2025,Northern brown-throated weaver,7,t,
716,tree_6,9-Mar-2025,Sand martin,35,f,
717,tree_6,9-Mar-2025,Ring-necked dove,2,t,
718,tree_6,9-Mar-2025,Little egret,1,f,
719,tree_6,9-Mar-2025,Sand martin,10,t,
720,tree_6,9-Mar-2025,Striated heron,1,t,
721,tree_6,9-Mar-2025,Red-chested sunbird,1,t,
722,tree_6,9-Mar-2025,Common bullbul,2,t,
723,tree_6,9-Mar-2025,Black kite,2,f,
724,tree_5,9-Mar-2025,Pied kingfisher,50,t,
725,tree_5,9-Mar-2025,Northern brown-throated weaver,13,t,
726,tree_5,9-Mar-2025,Namaqua dove,2,t,
727,tree_5,9-Mar-2025,Black-headed gonolek,1,t,
728,tree_5,9-Mar-2025,Pied kingfisher,14,f,
729,tree_5,9-Mar-2025,Long-tailed cormorant,4,f,
730,tree_5,9-Mar-2025,Little egret,5,t,
731,tree_5,9-Mar-2025,Little egret,4,f,
732,tree_5,9-Mar-2025,Red-chested sunbird,3,t,
733,tree_5,9-Mar-2025,Ring-necked dove,1,f,
734,tree_5,9-Mar-2025,Swamp flycatcher,5,t,
735,tree_5,9-Mar-2025,Long-tailed cormorant,3,w,
736,tree_5,9-Mar-2025,Zitting cisticola,1,t,
737,tree_5,9-Mar-2025,Northern brown-throated weaver,1,f,
738,tree_5,9-Mar-2025,Pied kingfisher,5,t,
739,tree_5,9-Mar-2025,Olive bee-eater,1,f,
740,tree_5,9-Mar-2025,Black kite,1,f,
741,pap_4,9-Mar-2025,Black kite,1,f,
742,pap_4,9-Mar-2025,Northern brown-throated weaver,11,p,
743,pap_4,9-Mar-2025,Pied kingfisher,13,p,
744,pap_4,9-Mar-2025,Zitting cisticola,3,p,
745,pap_4,9-Mar-2025,Swamp flycatcher,3,p,
746,pap_4,9-Mar-2025,Pied kingfisher,3,f,
747,pap_4,9-Mar-2025,Northern brown-throated weaver,1,f,
748,pap_4,9-Mar-2025,Little egret,1,f,
749,pap_3,9-Mar-2025,Little egret,5,f,
750,pap_3,9-Mar-2025,Pied kingfisher,8,p,
751,pap_3,9-Mar-2025,Black kite,2,t,
752,pap_3,9-Mar-2025,Grey heron,1,t,
753,pap_3,9-Mar-2025,Northern brown-throated weaver,7,p,
754,pap_3,9-Mar-2025,Swamp flycatcher,5,t,
755,pap_3,9-Mar-2025,Black kite,3,f,
756,pap_3,9-Mar-2025,Northern brown-throated weaver,1,f,
757,pap_3,9-Mar-2025,Slender-billed weaver,1,f,
758,pap_3,9-Mar-2025,Long-tailed cormorant,1,p,
759,pap_3,9-Mar-2025,Little egret,1,p,
760,pap_3,9-Mar-2025,Long-tailed cormorant,1,f,
761,pap_3,9-Mar-2025,Pied kingfisher,2,f,
762,pap_3,9-Mar-2025,Sand martin,200,f,flock
763,pap_3,9-Mar-2025,African fish eagle,1,f,
764,pap_1,10-Mar-2025,Swamp flycatcher,7,p,
765,pap_1,10-Mar-2025,Pied kingfisher,16,p,
766,pap_1,10-Mar-2025,Slender-billed weaver,18,p,
767,pap_1,10-Mar-2025,Malachite kingfisher,1,p,
768,pap_1,10-Mar-2025,African jacana,1,p,
769,pap_1,10-Mar-2025,Northern brown-throated weaver,15,p,
770,pap_1,10-Mar-2025,Pied kingfisher,2,f,
771,pap_1,10-Mar-2025,Black-headed gonolek,2,p,
772,pap_1,10-Mar-2025,Little egret,2,f,
773,pap_1,10-Mar-2025,Sand martin,1,p,
774,pap_1,10-Mar-2025,Long-tailed cormorant,1,f,
775,pap_1,10-Mar-2025,Barn swallow,30,f,
776,pap_1,10-Mar-2025,Little egret,1,p,
777,pap_1,10-Mar-2025,Northern brown-throated weaver,4,t,
778,pap_1,10-Mar-2025,Olive bee-eater,1,t,
779,pap_1,10-Mar-2025,Sand martin,10,f,
780,pap_1,10-Mar-2025,Village weaver,3,t,
781,pap_1,10-Mar-2025,Barn swallow,10,t,
782,pap_1,10-Mar-2025,Common bullbul,2,p,
783,pap_1,10-Mar-2025,Little egret,2,t,
784,pap_1,10-Mar-2025,Red-chested sunbird,1,t,
785,pap_2,10-Mar-2025,Malachite kingfisher,2,p,
786,pap_2,10-Mar-2025,Northern brown-throated weaver,35,p,
787,pap_2,10-Mar-2025,Ring-necked dove,1,p,
788,pap_2,10-Mar-2025,Little egret,3,p,
789,pap_2,10-Mar-2025,Village weaver,1,f,
790,pap_2,10-Mar-2025,Common bullbul,1,p,
791,pap_2,10-Mar-2025,Slender-billed weaver,5,p,
792,pap_2,10-Mar-2025,Swamp flycatcher,8,p,
793,pap_2,10-Mar-2025,Sand martin,20,f,
794,pap_2,10-Mar-2025,Pied kingfisher,4,f,
795,pap_2,10-Mar-2025,Ring-necked dove,3,t,
796,pap_2,10-Mar-2025,Northern brown-throated weaver,3,t,
797,pap_2,10-Mar-2025,Slender-billed weaver,1,t,
798,pap_2,10-Mar-2025,Olive bee-eater,8,t,
799,pap_2,10-Mar-2025,Striated heron,2,p,
800,pap_2,10-Mar-2025,Pied kingfisher,7,p,
801,pap_2,10-Mar-2025,Black-headed gonolek,1,p,
802,pap_2,10-Mar-2025,White-winged tern,1,f,
803,pap_2,10-Mar-2025,Zitting cisticola,3,p,
804,pap_2,10-Mar-2025,Black crake,1,p,
805,pap_2,10-Mar-2025,Grey-capped warbler,2,p,
806,tree_1,10-Mar-2025,Northern brown-throated weaver,10,t,
807,tree_1,10-Mar-2025,Swamp flycatcher,15,t,
808,tree_1,10-Mar-2025,Pied kingfisher,5,f,
809,tree_1,10-Mar-2025,Long-tailed cormorant,1,f,
810,tree_1,10-Mar-2025,Red-chested sunbird,3,t,
811,tree_1,10-Mar-2025,Long-tailed cormorant,3,t,
812,tree_1,10-Mar-2025,Northern brown-throated weaver,2,f,
813,tree_1,10-Mar-2025,Pied kingfisher,21,t,
814,tree_1,10-Mar-2025,Grey-capped warbler,2,f,
815,tree_1,10-Mar-2025,Olive bee-eater,1,f,
816,tree_1,10-Mar-2025,Swamp flycatcher,1,f,
817,tree_1,10-Mar-2025,Sand martin,13,f,
818,tree_1,10-Mar-2025,Olive bee-eater,1,t,
819,tree_1,10-Mar-2025,Little egret,3,f,
820,tree_1,10-Mar-2025,Striated heron,2,f,
821,tree_1,10-Mar-2025,Malachite kingfisher,1,t,
822,tree_1,10-Mar-2025,Striated heron,1,t,
823,tree_1,10-Mar-2025,Slender-billed weaver,1,t,
824,tree_2,10-Mar-2025,Pied kingfisher,3,f,
825,tree_2,10-Mar-2025,Northern brown-throated weaver,11,f,
826,tree_2,10-Mar-2025,Swamp flycatcher,12,t,
827,tree_2,10-Mar-2025,Slender-billed weaver,8,t,
828,tree_2,10-Mar-2025,Long-tailed cormorant,3,t,
829,tree_2,10-Mar-2025,Northern brown-throated weaver,11,t,
830,tree_2,10-Mar-2025,Northern brown-throated weaver,1,t,
831,tree_2,10-Mar-2025,Long-tailed cormorant,6,f,
832,tree_2,10-Mar-2025,Slender-billed weaver,3,f,
833,tree_2,10-Mar-2025,Pied kingfisher,9,t,
834,tree_2,10-Mar-2025,Grey-capped warbler,1,t,
835,tree_2,10-Mar-2025,Olive bee-eater,1,f,
836,tree_2,10-Mar-2025,African palm swift,1,f,
837,tree_2,10-Mar-2025,Red-chested sunbird,2,t,
838,tree_2,10-Mar-2025,Olive bee-eater,2,t,
839,tree_2,10-Mar-2025,Little egret,2,t,
840,tree_3,10-Mar-2025,Pied kingfisher,22,t,
841,tree_3,10-Mar-2025,Malachite kingfisher,1,f,
842,tree_3,10-Mar-2025,Red-chested sunbird,4,t,
843,tree_3,10-Mar-2025,Ring-necked dove,2,t,
844,tree_3,10-Mar-2025,Northern brown-throated weaver,5,t,
845,tree_3,10-Mar-2025,Slender-billed weaver,10,t,
846,tree_3,10-Mar-2025,Little egret,1,f,
847,tree_3,10-Mar-2025,Hadada ibis,1,t,
848,tree_3,10-Mar-2025,Long-tailed cormorant,1,t,
849,tree_3,10-Mar-2025,Pied kingfisher,1,f,
850,tree_3,10-Mar-2025,Striated heron,2,t,
851,tree_3,10-Mar-2025,Striated heron,1,f,
852,tree_3,10-Mar-2025,Black-headed gonolek,1,f,
853,tree_3,10-Mar-2025,Long-tailed cormorant,1,f,
854,tree_3,10-Mar-2025,Lesser-striped swallow,2,f,
855,tree_4,10-Mar-2025,Pied kingfisher,33,t,
856,tree_4,10-Mar-2025,Little egret,3,t,
857,tree_4,10-Mar-2025,Common bullbul,4,t,
858,tree_4,10-Mar-2025,Ring-necked dove,1,t,
859,tree_4,10-Mar-2025,Malachite kingfisher,1,t,
860,tree_4,10-Mar-2025,Red-chested sunbird,6,t,
861,tree_4,10-Mar-2025,Swamp flycatcher,8,t,
862,tree_4,10-Mar-2025,Pied kingfisher,4,f,
863,tree_4,10-Mar-2025,Striated heron,1,t,
864,tree_4,10-Mar-2025,Northern brown-throated weaver,5,f,
865,tree_4,10-Mar-2025,Black kite,2,t,
866,tree_4,10-Mar-2025,Black-headed gonolek,1,t,
867,tree_4,10-Mar-2025,Northern brown-throated weaver,15,t,
868,tree_4,10-Mar-2025,Golden-backed weaver,1,f,
869,tree_4,10-Mar-2025,White-winged tern,10,f,
870,tree_4,10-Mar-2025,Slender-billed weaver,1,t,
871,tree_4,10-Mar-2025,Slender-billed weaver,2,f,
872,tree_4,10-Mar-2025,Ring-necked dove,1,f,
873,tree_7,10-Mar-2025,Pied kingfisher,27,t,
874,tree_7,10-Mar-2025,Pied kingfisher,5,f,
875,tree_7,10-Mar-2025,Slender-billed weaver,5,t,
876,tree_7,10-Mar-2025,Northern brown-throated weaver,18,t,
877,tree_7,10-Mar-2025,Village weaver,20,t,
878,tree_7,10-Mar-2025,Little egret,8,t,
879,tree_7,10-Mar-2025,Swamp flycatcher,4,t,
880,tree_7,10-Mar-2025,Ring-necked dove,3,t,
881,tree_7,10-Mar-2025,Hadada ibis,1,f,
882,tree_7,10-Mar-2025,Little egret,1,f,
883,tree_7,10-Mar-2025,Long-tailed cormorant,1,f,
884,tree_7,10-Mar-2025,Long-tailed cormorant,1,t,
885,tree_7,10-Mar-2025,Golden-backed weaver,1,t,
886,tree_7,10-Mar-2025,Black kite,1,f,
887,tree_7,10-Mar-2025,Red-chested sunbird,1,t,
888,tree_7,10-Mar-2025,Common bullbul,1,t,
889,tree_7,10-Mar-2025,Striated heron,1,t,
890,tree_7,10-Mar-2025,Malachite kingfisher,3,t,
891,tree_7,10-Mar-2025,Common cuckoo,1,f,
892,tree_8,10-Mar-2025,Red-eyed dove,1,f,
893,tree_8,10-Mar-2025,Little egret,10,t,
894,tree_8,10-Mar-2025,Village weaver,27,t,
895,tree_8,10-Mar-2025,Long-tailed cormorant,3,t,
896,tree_8,10-Mar-2025,Pied kingfisher,27,t,
897,tree_8,10-Mar-2025,Swamp flycatcher,6,t,
898,tree_8,10-Mar-2025,Northern brown-throated weaver,12,t,
899,tree_8,10-Mar-2025,Olive bee-eater,10,f,
900,tree_8,10-Mar-2025,Malachite kingfisher,7,t,
901,tree_8,10-Mar-2025,Striated heron,2,t,
902,tree_8,10-Mar-2025,Pied kingfisher,6,f,
903,tree_8,10-Mar-2025,Ring-necked dove,5,t,
904,tree_8,10-Mar-2025,Slender-billed weaver,1,t,
905,tree_8,10-Mar-2025,Gray-headed kingfisher,1,t,
906,tree_8,10-Mar-2025,Sand martin,40,f,flock
907,tree_8,10-Mar-2025,Olive bee-eater,4,t,
908,tree_8,10-Mar-2025,Barn swallow,40,t,
909,tree_8,10-Mar-2025,Common bullbul,1,t,
910,tree_8,10-Mar-2025,Long-tailed cormorant,1,w,
911,pap_1,14-Mar-2025,Barn swallow,5,t,
912,pap_1,14-Mar-2025,Black-headed gonolek,1,p,
913,pap_1,14-Mar-2025,Little egret,2,p,
914,pap_1,14-Mar-2025,Malachite kingfisher,4,p,
915,pap_1,14-Mar-2025,Malachite kingfisher,1,f,
916,pap_1,14-Mar-2025,Olive bee-eater,3,f,
917,pap_1,14-Mar-2025,Northern brown-throated weaver,41,p,
918,pap_1,14-Mar-2025,Pied kingfisher,17,p,
919,pap_1,14-Mar-2025,Red-chested sunbird,3,t,
920,pap_1,14-Mar-2025,Sand martin,4,t,
921,pap_1,14-Mar-2025,Sand martin,30,f,
922,pap_1,14-Mar-2025,Slender-billed weaver,3,p,
923,pap_1,14-Mar-2025,Slender-billed weaver,3,t,
924,pap_1,14-Mar-2025,Swamp flycatcher,19,p,
925,pap_1,14-Mar-2025,Zitting cisticola,1,p,
926,pap_1,14-Mar-2025,Hadada ibis,1,p,
927,pap_1,14-Mar-2025,African jacana,2,p,
928,pap_2,14-Mar-2025,Black-headed gonolek,1,p,
929,pap_2,14-Mar-2025,Common bullbul,1,p,
930,pap_2,14-Mar-2025,Malachite kingfisher,2,p,
931,pap_2,14-Mar-2025,Olive bee-eater,4,t,
932,pap_2,14-Mar-2025,Northern brown-throated weaver,23,p,
933,pap_2,14-Mar-2025,Northern brown-throated weaver,23,f,
934,pap_2,14-Mar-2025,Pied kingfisher,13,p,
935,pap_2,14-Mar-2025,Pied kingfisher,1,t,
936,pap_2,14-Mar-2025,Pied kingfisher,3,f,
937,pap_2,14-Mar-2025,Red-eyed dove,1,f,
938,pap_2,14-Mar-2025,Slender-billed weaver,7,p,
939,pap_2,14-Mar-2025,Slender-billed weaver,3,t,
940,pap_2,14-Mar-2025,Swamp flycatcher,17,p,
941,pap_2,14-Mar-2025,Swamp flycatcher,1,t,
942,pap_2,14-Mar-2025,African jacana,1,f,
943,pap_2,14-Mar-2025,White-winged tern,1,f,
944,tree_1,14-Mar-2025,Black kite,1,f,
945,tree_1,14-Mar-2025,Common bullbul,4,t,
946,tree_1,14-Mar-2025,Long-tailed cormorant,3,t,
947,tree_1,14-Mar-2025,Long-tailed cormorant,1,f,
948,tree_1,14-Mar-2025,Long-tailed cormorant,1,w,
949,tree_1,14-Mar-2025,Malachite kingfisher,3,t,
950,tree_1,14-Mar-2025,Olive bee-eater,5,t,
951,tree_1,14-Mar-2025,Northern brown-throated weaver,12,t,
952,tree_1,14-Mar-2025,Northern brown-throated weaver,9,f,
953,tree_1,14-Mar-2025,Pied kingfisher,15,t,
954,tree_1,14-Mar-2025,Pied kingfisher,4,f,
955,tree_1,14-Mar-2025,Red-chested sunbird,3,t,
956,tree_1,14-Mar-2025,Red-chested sunbird,1,f,
957,tree_1,14-Mar-2025,Red-eyed dove,1,t,
958,tree_1,14-Mar-2025,Ring-necked dove,2,t,
959,tree_1,14-Mar-2025,Sand martin,2,t,
960,tree_1,14-Mar-2025,Sand martin,2,f,
961,tree_1,14-Mar-2025,Slender-billed weaver,8,t,
962,tree_1,14-Mar-2025,Bronze mannikin,1,t,
963,tree_1,14-Mar-2025,Bronze mannikin,8,f,
964,tree_1,14-Mar-2025,Swamp flycatcher,12,t,
965,tree_1,14-Mar-2025,Cardinal woodpecker,1,t,
966,tree_2,14-Mar-2025,Black kite,2,t,
967,tree_2,14-Mar-2025,Black kite,1,f,
968,tree_2,14-Mar-2025,Common bullbul,2,t,
969,tree_2,14-Mar-2025,Little egret,1,t,
970,tree_2,14-Mar-2025,Long-tailed cormorant,1,t,
971,tree_2,14-Mar-2025,Long-tailed cormorant,2,f,
972,tree_2,14-Mar-2025,Long-tailed cormorant,2,w,
973,tree_2,14-Mar-2025,Olive bee-eater,7,t,
974,tree_2,14-Mar-2025,Olive bee-eater,7,f,
975,tree_2,14-Mar-2025,Northern brown-throated weaver,14,t,
976,tree_2,14-Mar-2025,Pied kingfisher,10,t,
977,tree_2,14-Mar-2025,Pied kingfisher,2,f,
978,tree_2,14-Mar-2025,Red-chested sunbird,1,t,
979,tree_2,14-Mar-2025,Ring-necked dove,2,t,
980,tree_2,14-Mar-2025,Slender-billed weaver,7,t,
981,tree_2,14-Mar-2025,Swamp flycatcher,7,t,
982,tree_2,14-Mar-2025,Swamp flycatcher,1,f,
983,tree_2,14-Mar-2025,Black-headed weaver,1,t,
984,tree_2,14-Mar-2025,White-winged tern,6,f,
985,tree_2,14-Mar-2025,Gray-headed kingfisher,1,f,
986,tree_2,14-Mar-2025,Village weaver,1,t,
987,pap_3,14-Mar-2025,Little egret,2,f,
988,pap_3,14-Mar-2025,Malachite kingfisher,1,t,
989,pap_3,14-Mar-2025,Northern brown-throated weaver,13,p,
990,pap_3,14-Mar-2025,Northern brown-throated weaver,1,t,
991,pap_3,14-Mar-2025,Northern brown-throated weaver,4,f,
992,pap_3,14-Mar-2025,Pied kingfisher,2,p,
993,pap_3,14-Mar-2025,Pied kingfisher,1,t,
994,pap_3,14-Mar-2025,Pied kingfisher,2,f,
995,pap_3,14-Mar-2025,Slender-billed weaver,3,p,
996,pap_3,14-Mar-2025,Swamp flycatcher,8,p,
997,pap_3,14-Mar-2025,Swamp flycatcher,2,t,
998,pap_3,14-Mar-2025,Bronze mannikin,15,f,
999,pap_3,14-Mar-2025,African fish eagle,2,t,
1000,pap_3,14-Mar-2025,Village weaver,1,f,
1001,pap_3,14-Mar-2025,White-winged tern,1,f,
1002,pap_4,14-Mar-2025,Barn swallow,1,f,
1003,pap_4,14-Mar-2025,Little egret,1,p,
1004,pap_4,14-Mar-2025,Little egret,2,f,
1005,pap_4,14-Mar-2025,Northern brown-throated weaver,9,p,
1006,pap_4,14-Mar-2025,Pied kingfisher,7,p,
1007,pap_4,14-Mar-2025,Pied kingfisher,1,f,
1008,pap_4,14-Mar-2025,Swamp flycatcher,7,p,
1009,pap_4,14-Mar-2025,Zitting cisticola,2,p,
1010,pap_4,14-Mar-2025,Bronze mannikin,31,f,
1011,tree_3,14-Mar-2025,Barn swallow,1,t,
1012,tree_3,14-Mar-2025,Black kite,2,f,
1013,tree_3,14-Mar-2025,Little egret,3,t,
1014,tree_3,14-Mar-2025,Little egret,3,f,
1015,tree_3,14-Mar-2025,Long-tailed cormorant,1,f,
1016,tree_3,14-Mar-2025,Olive bee-eater,4,t,
1017,tree_3,14-Mar-2025,Northern brown-throated weaver,23,t,
1018,tree_3,14-Mar-2025,Northern brown-throated weaver,1,f,
1019,tree_3,14-Mar-2025,Pied kingfisher,17,t,
1020,tree_3,14-Mar-2025,Pied kingfisher,4,f,
1021,tree_3,14-Mar-2025,Red-chested sunbird,4,t,
1022,tree_3,14-Mar-2025,Slender-billed weaver,1,t,
1023,tree_3,14-Mar-2025,Swamp flycatcher,9,t,
1024,tree_3,14-Mar-2025,Zitting cisticola,1,t,
1025,tree_3,14-Mar-2025,Bronze mannikin,1,t,
1026,tree_3,14-Mar-2025,Hadada ibis,1,t,
1027,tree_3,14-Mar-2025,Cardinal woodpecker,2,t,
1028,tree_3,14-Mar-2025,Lesser-striped swallow,2,f,
1029,tree_4,14-Mar-2025,Black kite,1,t,
1030,tree_4,14-Mar-2025,Common bullbul,1,t,
1031,tree_4,14-Mar-2025,Golden-backed weaver,5,t,
1032,tree_4,14-Mar-2025,Little egret,1,f,
1033,tree_4,14-Mar-2025,Long-tailed cormorant,1,t,
1034,tree_4,14-Mar-2025,Long-tailed cormorant,1,f,
1035,tree_4,14-Mar-2025,Long-tailed cormorant,1,w,
1036,tree_4,14-Mar-2025,Malachite kingfisher,2,t,
1037,tree_4,14-Mar-2025,Northern brown-throated weaver,22,t,
1038,tree_4,14-Mar-2025,Northern brown-throated weaver,3,f,
1039,tree_4,14-Mar-2025,Pied kingfisher,33,t,
1040,tree_4,14-Mar-2025,Pied kingfisher,5,f,
1041,tree_4,14-Mar-2025,Red-chested sunbird,2,t,
1042,tree_4,14-Mar-2025,Red-chested sunbird,2,f,
1043,tree_4,14-Mar-2025,Red-eyed dove,1,t,
1044,tree_4,14-Mar-2025,Ring-necked dove,1,f,
1045,tree_4,14-Mar-2025,Slender-billed weaver,1,f,
1046,tree_4,14-Mar-2025,Striated heron,1,f,
1047,tree_4,14-Mar-2025,Swamp flycatcher,2,t,
1048,tree_4,14-Mar-2025,Bronze mannikin,21,f,
1049,tree_4,14-Mar-2025,Cardinal woodpecker,1,t,
1050,tree_5,14-Mar-2025,Black kite,1,t,
1051,tree_5,14-Mar-2025,Black kite,1,f,
1052,tree_5,14-Mar-2025,Little egret,1,t,
1053,tree_5,14-Mar-2025,Little egret,2,f,
1054,tree_5,14-Mar-2025,Long-tailed cormorant,1,t,
1055,tree_5,14-Mar-2025,Long-tailed cormorant,1,w,
1056,tree_5,14-Mar-2025,Northern brown-throated weaver,9,t,
1057,tree_5,14-Mar-2025,Northern brown-throated weaver,1,f,
1058,tree_5,14-Mar-2025,Pied kingfisher,56,t,
1059,tree_5,14-Mar-2025,Pied kingfisher,10,f,
1060,tree_5,14-Mar-2025,Red-chested sunbird,4,t,
1061,tree_5,14-Mar-2025,Swamp flycatcher,2,t,
1062,tree_6,14-Mar-2025,Black kite,4,t,
1063,tree_6,14-Mar-2025,Black kite,1,f,
1064,tree_6,14-Mar-2025,Little egret,1,f,
1065,tree_6,14-Mar-2025,Malachite kingfisher,1,t,
1066,tree_6,14-Mar-2025,Northern brown-throated weaver,6,t,
1067,tree_6,14-Mar-2025,Pied kingfisher,17,t,
1068,tree_6,14-Mar-2025,Pied kingfisher,4,f,
1069,tree_6,14-Mar-2025,Red-chested sunbird,5,t,
1070,tree_6,14-Mar-2025,Red-eyed dove,2,t,
1071,tree_6,14-Mar-2025,Ring-necked dove,2,f,
1072,tree_6,14-Mar-2025,Striated heron,1,t,
1073,tree_6,14-Mar-2025,Swamp flycatcher,5,t,
1074,tree_6,14-Mar-2025,African fish eagle,1,t,
1075,tree_6,14-Mar-2025,Speckled mouse bird,1,t,
1076,pap_5,14-Mar-2025,Black kite,1,t,
1077,pap_5,14-Mar-2025,Black kite,2,f,
1078,pap_5,14-Mar-2025,Little egret,3,p,
1079,pap_5,14-Mar-2025,Little egret,1,t,
1080,pap_5,14-Mar-2025,Little egret,2,f,
1081,pap_5,14-Mar-2025,Malachite kingfisher,1,p,
1082,pap_5,14-Mar-2025,Malachite kingfisher,1,f,
1083,pap_5,14-Mar-2025,Northern brown-throated weaver,10,p,
1084,pap_5,14-Mar-2025,Northern brown-throated weaver,10,t,
1085,pap_5,14-Mar-2025,Northern brown-throated weaver,4,f,
1086,pap_5,14-Mar-2025,Pied kingfisher,22,p,
1087,pap_5,14-Mar-2025,Pied kingfisher,6,t,
1088,pap_5,14-Mar-2025,Pied kingfisher,8,f,
1089,pap_5,14-Mar-2025,Red-eyed dove,2,f,
1090,pap_5,14-Mar-2025,Ring-necked dove,1,f,
1091,pap_5,14-Mar-2025,Bronze mannikin,6,f,
1092,tree_6,15-Mar-2025,Black kite,1,t,
1093,tree_6,15-Mar-2025,Black kite,1,f,
1094,tree_6,15-Mar-2025,Little egret,1,t,
1095,tree_6,15-Mar-2025,Little egret,2,f,
1096,tree_6,15-Mar-2025,Malachite kingfisher,4,t,
1097,tree_6,15-Mar-2025,Olive bee-eater,2,t,
1098,tree_6,15-Mar-2025,Olive bee-eater,1,f,
1099,tree_6,15-Mar-2025,Northern brown-throated weaver,15,t,
1100,tree_6,15-Mar-2025,Pied kingfisher,16,t,
1101,tree_6,15-Mar-2025,Pied kingfisher,3,f,
1102,tree_6,15-Mar-2025,Red-chested sunbird,3,t,
1103,tree_6,15-Mar-2025,Red-chested sunbird,1,f,
1104,tree_6,15-Mar-2025,Sand martin,2,f,
1105,tree_6,15-Mar-2025,Slender-billed weaver,1,t,
1106,tree_6,15-Mar-2025,Swamp flycatcher,6,t,
1107,tree_6,15-Mar-2025,Ring-necked dove,3,t,
1108,tree_6,15-Mar-2025,Common bullbul,2,t,
1109,tree_7,15-Mar-2025,Barn swallow,2,t,
1110,tree_7,15-Mar-2025,Barn swallow,1,f,
1111,tree_7,15-Mar-2025,Black kite,1,t,
1112,tree_7,15-Mar-2025,Common bullbul,2,t,
1113,tree_7,15-Mar-2025,Little egret,9,t,
1114,tree_7,15-Mar-2025,Malachite kingfisher,2,t,
1115,tree_7,15-Mar-2025,Olive bee-eater,1,t,
1116,tree_7,15-Mar-2025,Olive bee-eater,1,f,
1117,tree_7,15-Mar-2025,Northern brown-throated weaver,19,t,
1118,tree_7,15-Mar-2025,Northern brown-throated weaver,4,f,
1119,tree_7,15-Mar-2025,Pied kingfisher,43,t,
1120,tree_7,15-Mar-2025,Pied kingfisher,6,f,
1121,tree_7,15-Mar-2025,Red-eyed dove,1,f,
1122,tree_7,15-Mar-2025,Sand martin,1,f,
1123,tree_7,15-Mar-2025,Striated heron,1,t,
1124,tree_7,15-Mar-2025,Striated heron,1,f,
1125,tree_7,15-Mar-2025,Swamp flycatcher,6,t,
1126,tree_7,15-Mar-2025,Village weaver,27,t,colony
1127,tree_7,15-Mar-2025,Village weaver,5,f,
1128,tree_7,15-Mar-2025,African harrier hawk,1,t,
1129,tree_7,15-Mar-2025,Bronze mannikin,5,f,
1130,tree_7,15-Mar-2025,Speckled mouse bird,2,t,
1131,tree_8,15-Mar-2025,Barn swallow,19,f,
1132,tree_8,15-Mar-2025,Black kite,1,f,
1133,tree_8,15-Mar-2025,Little egret,12,t,
1134,tree_8,15-Mar-2025,Little egret,1,f,
1135,tree_8,15-Mar-2025,Malachite kingfisher,1,t,
1136,tree_8,15-Mar-2025,Malachite kingfisher,1,f,
1137,tree_8,15-Mar-2025,Olive bee-eater,18,t,
1138,tree_8,15-Mar-2025,Olive bee-eater,5,f,
1139,tree_8,15-Mar-2025,Northern brown-throated weaver,11,t,
1140,tree_8,15-Mar-2025,Northern brown-throated weaver,8,f,
1141,tree_8,15-Mar-2025,Pied kingfisher,31,t,
1142,tree_8,15-Mar-2025,Pied kingfisher,3,f,
1143,tree_8,15-Mar-2025,Sand martin,16,f,
1144,tree_8,15-Mar-2025,Striated heron,2,t,
1145,tree_8,15-Mar-2025,Swamp flycatcher,3,t,
1146,tree_8,15-Mar-2025,Swamp flycatcher,1,f,
1147,tree_8,15-Mar-2025,Village weaver,12,t,
1148,tree_8,15-Mar-2025,Village weaver,3,f,
1149,tree_8,15-Mar-2025,White-winged tern,17,f,
1150,tree_8,15-Mar-2025,Squacco heron,1,t,
1151,pap_5,15-Mar-2025,Little egret,7,p,
1152,pap_5,15-Mar-2025,Little egret,1,t,
1153,pap_5,15-Mar-2025,Malachite kingfisher,5,p,
1154,pap_5,15-Mar-2025,Olive bee-eater,1,t,
1155,pap_5,15-Mar-2025,Northern brown-throated weaver,12,p,
1156,pap_5,15-Mar-2025,Northern brown-throated weaver,10,t,
1157,pap_5,15-Mar-2025,Northern brown-throated weaver,9,f,
1158,pap_5,15-Mar-2025,Pied kingfisher,15,p,
1159,pap_5,15-Mar-2025,Pied kingfisher,13,t,
1160,pap_5,15-Mar-2025,Pied kingfisher,1,f,
1161,pap_5,15-Mar-2025,Red-eyed dove,8,f,
1162,pap_5,15-Mar-2025,Ring-necked dove,2,f,
1163,pap_5,15-Mar-2025,Slender-billed weaver,1,p,
1164,pap_5,15-Mar-2025,Swamp flycatcher,13,p,
1165,pap_5,15-Mar-2025,Zitting cisticola,1,p,
1166,pap_5,15-Mar-2025,Bronze mannikin,90,f,flock
1167,pap_5,15-Mar-2025,Black crake,1,p,
1168,pap_6,15-Mar-2025,Black kite,1,f,
1169,pap_6,15-Mar-2025,Little egret,4,p,
1170,pap_6,15-Mar-2025,Little egret,2,t,
1171,pap_6,15-Mar-2025,Little egret,2,f,
1172,pap_6,15-Mar-2025,Malachite kingfisher,5,p,
1173,pap_6,15-Mar-2025,Olive bee-eater,1,f,
1174,pap_6,15-Mar-2025,Northern brown-throated weaver,12,p,
1175,pap_6,15-Mar-2025,Northern brown-throated weaver,3,t,
1176,pap_6,15-Mar-2025,Northern brown-throated weaver,7,f,
1177,pap_6,15-Mar-2025,Pied kingfisher,21,p,
1178,pap_6,15-Mar-2025,Pied kingfisher,7,t,
1179,pap_6,15-Mar-2025,Pied kingfisher,5,f,
1180,pap_6,15-Mar-2025,Red-eyed dove,2,f,
1181,pap_6,15-Mar-2025,Ring-necked dove,3,f,
1182,pap_6,15-Mar-2025,Sand martin,5,f,
1183,pap_6,15-Mar-2025,Swamp flycatcher,11,p,
1184,pap_6,15-Mar-2025,Swamp flycatcher,1,t,
1185,pap_6,15-Mar-2025,Zitting cisticola,4,p,
1186,pap_6,15-Mar-2025,Bronze mannikin,38,f,
1187,pap_6,15-Mar-2025,African fish eagle,1,f,
1188,pap_6,15-Mar-2025,White-winged tern,1,f,
1189,pap_6,15-Mar-2025,African openbill,1,f,
1190,pap_1,9-Apr-2025,Long-tailed cormorant,2,f,
1191,pap_1,9-Apr-2025,Malachite kingfisher,1,p,
1192,pap_1,9-Apr-2025,Northern brown-throated weaver,10,p,
1193,pap_1,9-Apr-2025,Northern brown-throated weaver,2,t,
1194,pap_1,9-Apr-2025,Northern brown-throated weaver,1,f,
1195,pap_1,9-Apr-2025,Pied kingfisher,14,p,
1196,pap_1,9-Apr-2025,Pied kingfisher,3,f,
1197,pap_1,9-Apr-2025,Red-chested sunbird,1,t,
1198,pap_1,9-Apr-2025,Slender-billed weaver,13,p,
1199,pap_1,9-Apr-2025,Slender-billed weaver,1,f,
1200,pap_1,9-Apr-2025,Striated heron,1,p,
1201,pap_1,9-Apr-2025,Swamp flycatcher,19,p,
1202,pap_1,9-Apr-2025,Swamp flycatcher,1,f,
1203,pap_1,9-Apr-2025,Zitting cisticola,1,p,
1204,pap_1,9-Apr-2025,African fish eagle,1,f,
1205,pap_1,9-Apr-2025,Village weaver,3,f,
1206,pap_2,9-Apr-2025,Black-headed gonolek,1,p,
1207,pap_2,9-Apr-2025,Long-tailed cormorant,1,f,
1208,pap_2,9-Apr-2025,Long-tailed cormorant,2,w,
1209,pap_2,9-Apr-2025,Malachite kingfisher,1,p,
1210,pap_2,9-Apr-2025,Malachite kingfisher,1,f,
1211,pap_2,9-Apr-2025,Northern brown-throated weaver,24,p,
1212,pap_2,9-Apr-2025,Northern brown-throated weaver,4,t,
1213,pap_2,9-Apr-2025,Northern brown-throated weaver,2,f,
1214,pap_2,9-Apr-2025,Pied kingfisher,12,p,
1215,pap_2,9-Apr-2025,Pied kingfisher,4,t,
1216,pap_2,9-Apr-2025,Pied kingfisher,1,f,
1217,pap_2,9-Apr-2025,Slender-billed weaver,5,p,
1218,pap_2,9-Apr-2025,Slender-billed weaver,1,t,
1219,pap_2,9-Apr-2025,Striated heron,1,t,
1220,pap_2,9-Apr-2025,Swamp flycatcher,11,p,
1221,pap_2,9-Apr-2025,Lesser-striped swallow,2,f,
1222,pap_2,9-Apr-2025,Black crake,3,p,
1223,tree_1,9-Apr-2025,Little egret,2,t,
1224,tree_1,9-Apr-2025,Little egret,1,f,
1225,tree_1,9-Apr-2025,Long-tailed cormorant,6,t,
1226,tree_1,9-Apr-2025,Long-tailed cormorant,1,f,
1227,tree_1,9-Apr-2025,Long-tailed cormorant,2,w,
1228,tree_1,9-Apr-2025,Northern brown-throated weaver,9,t,
1229,tree_1,9-Apr-2025,Northern brown-throated weaver,2,f,
1230,tree_1,9-Apr-2025,Pied kingfisher,11,t,
1231,tree_1,9-Apr-2025,Pied kingfisher,2,f,
1232,tree_1,9-Apr-2025,Red-chested sunbird,4,t,
1233,tree_1,9-Apr-2025,Ring-necked dove,2,t,
1234,tree_1,9-Apr-2025,Sand martin,7,t,
1235,tree_1,9-Apr-2025,Slender-billed weaver,11,t,
1236,tree_1,9-Apr-2025,Swamp flycatcher,13,t,
1237,tree_1,9-Apr-2025,African fish eagle,1,t,
1238,tree_1,9-Apr-2025,Village weaver,2,f,
1239,tree_2,9-Apr-2025,Little egret,1,t,
1240,tree_2,9-Apr-2025,Long-tailed cormorant,1,t,
1241,tree_2,9-Apr-2025,Long-tailed cormorant,2,f,
1242,tree_2,9-Apr-2025,Long-tailed cormorant,2,w,
1243,tree_2,9-Apr-2025,Olive bee-eater,1,f,
1244,tree_2,9-Apr-2025,Northern brown-throated weaver,15,t,
1245,tree_2,9-Apr-2025,Pied kingfisher,7,t,
1246,tree_2,9-Apr-2025,Pied kingfisher,4,f,
1247,tree_2,9-Apr-2025,Red-chested sunbird,2,t,
1248,tree_2,9-Apr-2025,Ring-necked dove,2,t,
1249,tree_2,9-Apr-2025,Sand martin,7,f,
1250,tree_2,9-Apr-2025,Slender-billed weaver,4,t,
1251,tree_2,9-Apr-2025,Striated heron,2,f,
1252,tree_2,9-Apr-2025,Swamp flycatcher,6,t,
1253,tree_2,9-Apr-2025,Lesser-striped swallow,2,f,
1254,tree_2,9-Apr-2025,African palm swift,1,f,
1255,tree_2,9-Apr-2025,Black chested snake eagle,1,f,
1256,tree_2,9-Apr-2025,Diederik cuckoo,1,t,
1257,tree_2,9-Apr-2025,Blue capped cordon blue,1,t,
1258,tree_3,9-Apr-2025,Black kite,1,f,
1259,tree_3,9-Apr-2025,Golden-backed weaver,1,t,
1260,tree_3,9-Apr-2025,Little egret,1,f,
1261,tree_3,9-Apr-2025,Long-tailed cormorant,1,t,
1262,tree_3,9-Apr-2025,Long-tailed cormorant,3,f,
1263,tree_3,9-Apr-2025,Northern brown-throated weaver,20,t,
1264,tree_3,9-Apr-2025,Northern brown-throated weaver,8,f,
1265,tree_3,9-Apr-2025,Pied kingfisher,24,t,
1266,tree_3,9-Apr-2025,Pied kingfisher,14,f,
1267,tree_3,9-Apr-2025,Red-chested sunbird,5,t,
1268,tree_3,9-Apr-2025,Ring-necked dove,3,t,
1269,tree_3,9-Apr-2025,Slender-billed weaver,3,t,
1270,tree_3,9-Apr-2025,Swamp flycatcher,4,t,
1271,tree_3,9-Apr-2025,Black crake,1,t,
1272,tree_4,9-Apr-2025,Golden-backed weaver,3,t,
1273,tree_4,9-Apr-2025,Golden-backed weaver,3,f,
1274,tree_4,9-Apr-2025,Northern brown-throated weaver,14,t,
1275,tree_4,9-Apr-2025,Northern brown-throated weaver,1,f,
1276,tree_4,9-Apr-2025,Pied kingfisher,32,t,
1277,tree_4,9-Apr-2025,Pied kingfisher,7,f,
1278,tree_4,9-Apr-2025,Slender-billed weaver,1,t,
1279,tree_4,9-Apr-2025,Swamp flycatcher,2,t,
1280,tree_4,9-Apr-2025,Swamp flycatcher,1,f,
1281,tree_4,9-Apr-2025,Bronze mannikin,2,f,
1282,tree_4,9-Apr-2025,Black crake,2,t,
1283,tree_4,9-Apr-2025,African fish eagle,1,f,
1284,tree_4,9-Apr-2025,Yellow fronted canary,2,f,
1285,tree_4,9-Apr-2025,Hadada ibis,2,t,
1286,pap_3,9-Apr-2025,Common bullbul,1,p,
1287,pap_3,9-Apr-2025,Little egret,1,p,
1288,pap_3,9-Apr-2025,Long-tailed cormorant,8,p,
1289,pap_3,9-Apr-2025,Long-tailed cormorant,5,f,
1290,pap_3,9-Apr-2025,Long-tailed cormorant,2,w,
1291,pap_3,9-Apr-2025,Northern brown-throated weaver,7,p,
1292,pap_3,9-Apr-2025,Northern brown-throated weaver,21,t,
1293,pap_3,9-Apr-2025,Northern brown-throated weaver,1,f,
1294,pap_3,9-Apr-2025,Pied kingfisher,14,t,
1295,pap_3,9-Apr-2025,Pied kingfisher,2,t,
1296,pap_3,9-Apr-2025,Pied kingfisher,11,f,
1297,pap_3,9-Apr-2025,Slender-billed weaver,4,p,
1298,pap_3,9-Apr-2025,Striated heron,1,p,
1299,pap_3,9-Apr-2025,Swamp flycatcher,5,p,
1300,pap_3,9-Apr-2025,Swamp flycatcher,1,t,
1301,pap_3,9-Apr-2025,Zitting cisticola,1,p,
1302,pap_3,9-Apr-2025,African fish eagle,1,t,
1303,pap_4,10-Apr-2025,Black kite,2,f,
1304,pap_4,10-Apr-2025,Golden-backed weaver,10,f,
1305,pap_4,10-Apr-2025,Northern brown-throated weaver,26,p,
1306,pap_4,10-Apr-2025,Northern brown-throated weaver,2,f,
1307,pap_4,10-Apr-2025,Pied kingfisher,8,p,
1308,pap_4,10-Apr-2025,Pied kingfisher,4,f,
1309,pap_4,10-Apr-2025,Sand martin,60,f,flock
1310,pap_4,10-Apr-2025,Slender-billed weaver,1,p,
1311,pap_4,10-Apr-2025,Swamp flycatcher,8,p,
1312,pap_4,10-Apr-2025,Grey heron,1,p,
1313,pap_4,10-Apr-2025,African palm swift,3,f,
1314,pap_4,10-Apr-2025,Bronze mannikin,2,p,
1315,tree_5,10-Apr-2025,Black kite,2,t,
1316,tree_5,10-Apr-2025,Little egret,5,t,
1317,tree_5,10-Apr-2025,Long-tailed cormorant,2,t,
1318,tree_5,10-Apr-2025,Long-tailed cormorant,1,f,
1319,tree_5,10-Apr-2025,Northern brown-throated weaver,14,t,
1320,tree_5,10-Apr-2025,Northern brown-throated weaver,2,f,
1321,tree_5,10-Apr-2025,Pied kingfisher,53,t,
1322,tree_5,10-Apr-2025,Pied kingfisher,3,f,
1323,tree_5,10-Apr-2025,Red-chested sunbird,1,t,
1324,tree_5,10-Apr-2025,Ring-necked dove,1,t,
1325,tree_5,10-Apr-2025,Slender-billed weaver,7,t,
1326,tree_5,10-Apr-2025,Slender-billed weaver,1,t,
1327,tree_5,10-Apr-2025,Striated heron,1,t,
1328,tree_5,10-Apr-2025,Swamp flycatcher,6,t,
1329,tree_5,10-Apr-2025,Zitting cisticola,1,t,
1330,tree_5,10-Apr-2025,African fish eagle,1,t,
1331,tree_5,10-Apr-2025,African fish eagle,1,f,
1332,pap_5,10-Apr-2025,Long-tailed cormorant,1,t,
1333,pap_5,10-Apr-2025,Long-tailed cormorant,1,f,
1334,pap_5,10-Apr-2025,Malachite kingfisher,2,p,
1335,pap_5,10-Apr-2025,Olive bee-eater,1,t,
1336,pap_5,10-Apr-2025,Northern brown-throated weaver,30,p,
1337,pap_5,10-Apr-2025,Northern brown-throated weaver,2,t,
1338,pap_5,10-Apr-2025,Northern brown-throated weaver,8,f,
1339,pap_5,10-Apr-2025,Pied kingfisher,12,p,
1340,pap_5,10-Apr-2025,Pied kingfisher,1,t,
1341,pap_5,10-Apr-2025,Pied kingfisher,3,f,
1342,pap_5,10-Apr-2025,Ring-necked dove,1,f,
1343,pap_5,10-Apr-2025,Slender-billed weaver,14,p,
1344,pap_5,10-Apr-2025,Swamp flycatcher,2,p,
1345,pap_5,10-Apr-2025,Swamp flycatcher,2,t,
1346,pap_5,10-Apr-2025,Swamp flycatcher,1,f,
1347,pap_6,10-Apr-2025,Malachite kingfisher,1,p,
1348,pap_6,10-Apr-2025,Long-tailed cormorant,2,f,
1349,pap_6,10-Apr-2025,Malachite kingfisher,1,p,
1350,pap_6,10-Apr-2025,Malachite kingfisher,1,f,
1351,pap_6,10-Apr-2025,Northern brown-throated weaver,11,p,
1352,pap_6,10-Apr-2025,Northern brown-throated weaver,8,f,
1353,pap_6,10-Apr-2025,Pied kingfisher,24,p,
1354,pap_6,10-Apr-2025,Pied kingfisher,4,t,
1355,pap_6,10-Apr-2025,Red-eyed dove,1,f,
1356,pap_6,10-Apr-2025,Sand martin,12,f,
1357,pap_6,10-Apr-2025,Slender-billed weaver,1,p,
1358,pap_6,10-Apr-2025,Striated heron,1,p,
1359,pap_6,10-Apr-2025,Swamp flycatcher,2,p,
1360,pap_6,10-Apr-2025,Swamp flycatcher,1,t,
1361,pap_6,10-Apr-2025,Zitting cisticola,1,p,
1362,pap_6,10-Apr-2025,African openbill,6,f,
1363,pap_6,10-Apr-2025,African fish eagle,1,t,
1364,pap_6,10-Apr-2025,White-winged tern,1,f,
1365,tree_6,10-Apr-2025,Black kite,2,t,
1366,tree_6,10-Apr-2025,Black kite,2,f,
1367,tree_6,10-Apr-2025,Common bullbul,2,t,
1368,tree_6,10-Apr-2025,Little egret,1,f,
1369,tree_6,10-Apr-2025,Olive bee-eater,7,t,
1370,tree_6,10-Apr-2025,Olive bee-eater,1,f,
1371,tree_6,10-Apr-2025,Northern brown-throated weaver,7,t,
1372,tree_6,10-Apr-2025,Northern brown-throated weaver,2,f,
1373,tree_6,10-Apr-2025,Pied kingfisher,19,t,
1374,tree_6,10-Apr-2025,Pied kingfisher,5,f,
1375,tree_6,10-Apr-2025,Red-chested sunbird,4,t,
1376,tree_6,10-Apr-2025,Slender-billed weaver,4,t,
1377,tree_6,10-Apr-2025,Swamp flycatcher,4,t,
1378,tree_6,10-Apr-2025,African fish eagle,1,t,
1379,tree_7,10-Apr-2025,Little egret,12,t,
1380,tree_7,10-Apr-2025,Little egret,1,f,
1381,tree_7,10-Apr-2025,Malachite kingfisher,1,t,
1382,tree_7,10-Apr-2025,Northern brown-throated weaver,17,t,
1383,tree_7,10-Apr-2025,Northern brown-throated weaver,2,f,
1384,tree_7,10-Apr-2025,Pied kingfisher,28,t,
1385,tree_7,10-Apr-2025,Pied kingfisher,8,f,
1386,tree_7,10-Apr-2025,Ring-necked dove,2,t,
1387,tree_7,10-Apr-2025,Slender-billed weaver,7,t,
1388,tree_7,10-Apr-2025,Striated heron,1,t,
1389,tree_7,10-Apr-2025,Striated heron,1,f,
1390,tree_7,10-Apr-2025,Swamp flycatcher,2,t,
1391,tree_7,10-Apr-2025,African harrier hawk,1,t,
1392,tree_7,10-Apr-2025,Village weaver,49,f,
1393,tree_8,10-Apr-2025,Black kite,1,t,
1394,tree_8,10-Apr-2025,Little egret,15,t,
1395,tree_8,10-Apr-2025,Little egret,1,f,
1396,tree_8,10-Apr-2025,Malachite kingfisher,1,t,
1397,tree_8,10-Apr-2025,Olive bee-eater,15,t,
1398,tree_8,10-Apr-2025,Olive bee-eater,1,f,
1399,tree_8,10-Apr-2025,Northern brown-throated weaver,15,t,
1400,tree_8,10-Apr-2025,Northern brown-throated weaver,10,f,
1401,tree_8,10-Apr-2025,Pied kingfisher,27,t,
1402,tree_8,10-Apr-2025,Pied kingfisher,7,f,
1403,tree_8,10-Apr-2025,Red-chested sunbird,1,t,
1404,tree_8,10-Apr-2025,Ring-necked dove,1,t,
1405,tree_8,10-Apr-2025,Slender-billed weaver,1,t,
1406,tree_8,10-Apr-2025,Striated heron,4,t,
1407,tree_8,10-Apr-2025,Swamp flycatcher,2,t,
1408,tree_8,10-Apr-2025,Village weaver,13,t,
1409,tree_8,10-Apr-2025,Village weaver,2,f,
1410,tree_8,10-Apr-2025,Cardinal woodpecker,1,t,
1411,tree_8,10-Apr-2025,Hadada ibis,1,t,
1412,tree_8,16-Apr-2025,Black kite,1,t,
1413,tree_8,16-Apr-2025,Golden-backed weaver,1,t,
1414,tree_8,16-Apr-2025,Little egret,4,t,
1415,tree_8,16-Apr-2025,Little egret,5,f,
1416,tree_8,16-Apr-2025,Malachite kingfisher,1,t,
1417,tree_8,16-Apr-2025,Olive bee-eater,18,t,
1418,tree_8,16-Apr-2025,Northern brown-throated weaver,12,t,
1419,tree_8,16-Apr-2025,Northern brown-throated weaver,55,f,flock
1420,tree_8,16-Apr-2025,Pied kingfisher,19,t,
1421,tree_8,16-Apr-2025,Pied kingfisher,4,f,
1422,tree_8,16-Apr-2025,Ring-necked dove,7,t,
1423,tree_8,16-Apr-2025,Ring-necked dove,1,f,
1424,tree_8,16-Apr-2025,Slender-billed weaver,1,t,
1425,tree_8,16-Apr-2025,Striated heron,2,t,
1426,tree_8,16-Apr-2025,Swamp flycatcher,8,t,
1427,tree_8,16-Apr-2025,Village weaver,5,t,
1428,tree_8,16-Apr-2025,Bronze mannikin,20,f,flock
1429,tree_8,16-Apr-2025,White-faced whistling-duck,1,f,
1430,tree_7,16-Apr-2025,Little egret,6,t,
1431,tree_7,16-Apr-2025,Little egret,2,f,
1432,tree_7,16-Apr-2025,Long-tailed cormorant,1,f,
1433,tree_7,16-Apr-2025,Long-tailed cormorant,1,w,
1434,tree_7,16-Apr-2025,Northern brown-throated weaver,12,t,
1435,tree_7,16-Apr-2025,Northern brown-throated weaver,1,f,
1436,tree_7,16-Apr-2025,Pied kingfisher,3,t,
1437,tree_7,16-Apr-2025,Pied kingfisher,6,f,
1438,tree_7,16-Apr-2025,Sand martin,1,f,
1439,tree_7,16-Apr-2025,Striated heron,2,t,
1440,tree_7,16-Apr-2025,Swamp flycatcher,4,t,
1441,tree_7,16-Apr-2025,Village weaver,22,t,colony
1442,tree_7,16-Apr-2025,Village weaver,35,f,flock
1443,tree_7,16-Apr-2025,African harrier hawk,1,t,
1444,tree_7,16-Apr-2025,African grey flycatcher,1,t,
1445,tree_7,16-Apr-2025,Blue capped cordon blue,1,t,
1446,pap_6,16-Apr-2025,Little egret,2,p,
1447,pap_6,16-Apr-2025,Little egret,1,f,
1448,pap_6,16-Apr-2025,Malachite kingfisher,2,p,
1449,pap_6,16-Apr-2025,Malachite kingfisher,1,f,
1450,pap_6,16-Apr-2025,Northern brown-throated weaver,11,p,
1451,pap_6,16-Apr-2025,Northern brown-throated weaver,5,t,
1452,pap_6,16-Apr-2025,Northern brown-throated weaver,35,f,flock
1453,pap_6,16-Apr-2025,Pied kingfisher,17,p,
1454,pap_6,16-Apr-2025,Pied kingfisher,3,t,
1455,pap_6,16-Apr-2025,Pied kingfisher,7,f,
1456,pap_6,16-Apr-2025,Red-eyed dove,1,t,
1457,pap_6,16-Apr-2025,Red-eyed dove,1,f,
1458,pap_6,16-Apr-2025,Sand martin,7,f,
1459,pap_6,16-Apr-2025,Swamp flycatcher,3,p,
1460,pap_6,16-Apr-2025,African fish eagle,1,t,
1461,pap_6,16-Apr-2025,Black crake,1,p,
1462,pap_5,16-Apr-2025,Black-headed gonolek,1,p,
1463,pap_5,16-Apr-2025,Common bullbul,1,f,
1464,pap_5,16-Apr-2025,Malachite kingfisher,2,p,
1465,pap_5,16-Apr-2025,Malachite kingfisher,1,f,
1466,pap_5,16-Apr-2025,Northern brown-throated weaver,21,p,
1467,pap_5,16-Apr-2025,Northern brown-throated weaver,10,t,
1468,pap_5,16-Apr-2025,Northern brown-throated weaver,8,f,
1469,pap_5,16-Apr-2025,Pied kingfisher,13,p,
1470,pap_5,16-Apr-2025,Pied kingfisher,4,t,
1471,pap_5,16-Apr-2025,Pied kingfisher,8,f,
1472,pap_5,16-Apr-2025,Slender-billed weaver,5,t,
1473,pap_5,16-Apr-2025,Slender-billed weaver,1,f,
1474,pap_5,16-Apr-2025,Striated heron,1,f,
1475,pap_5,16-Apr-2025,Swamp flycatcher,6,p,
1476,pap_5,16-Apr-2025,Bronze mannikin,7,f,
1477,pap_5,16-Apr-2025,African fish eagle,1,t,
1478,pap_5,16-Apr-2025,White-winged tern,1,f,
1479,pap_5,16-Apr-2025,Little stint,1,p,
1480,tree_6,16-Apr-2025,Black kite,6,t,
1481,tree_6,16-Apr-2025,Black kite,2,f,
1482,tree_6,16-Apr-2025,Common bullbul,1,t,
1483,tree_6,16-Apr-2025,Golden-backed weaver,1,f,
1484,tree_6,16-Apr-2025,Little egret,1,f,
1485,tree_6,16-Apr-2025,Northern brown-throated weaver,7,t,
1486,tree_6,16-Apr-2025,Northern brown-throated weaver,3,f,
1487,tree_6,16-Apr-2025,Pied kingfisher,11,t,
1488,tree_6,16-Apr-2025,Pied kingfisher,12,f,
1489,tree_6,16-Apr-2025,Slender-billed weaver,2,t,
1490,tree_6,16-Apr-2025,Swamp flycatcher,4,t,
1491,tree_5,16-Apr-2025,Black kite,10,t,
1492,tree_5,16-Apr-2025,Little egret,2,t,
1493,tree_5,16-Apr-2025,Northern brown-throated weaver,14,t,
1494,tree_5,16-Apr-2025,Northern brown-throated weaver,6,f,
1495,tree_5,16-Apr-2025,Pied kingfisher,62,t,
1496,tree_5,16-Apr-2025,Pied kingfisher,8,f,
1497,tree_5,16-Apr-2025,Slender-billed weaver,4,t,
1498,tree_5,16-Apr-2025,Swamp flycatcher,5,t,
1499,tree_5,16-Apr-2025,Swamp flycatcher,1,f,
1500,tree_5,16-Apr-2025,Zitting cisticola,1,t,
1501,tree_5,16-Apr-2025,African fish eagle,1,t,
1502,pap_4,16-Apr-2025,Black kite,1,f,
1503,pap_4,16-Apr-2025,Little egret,2,p,
1504,pap_4,16-Apr-2025,Long-tailed cormorant,1,f,
1505,pap_4,16-Apr-2025,Northern brown-throated weaver,24,p,
1506,pap_4,16-Apr-2025,Pied kingfisher,12,p,
1507,pap_4,16-Apr-2025,Pied kingfisher,2,f,
1508,pap_4,16-Apr-2025,Sand martin,6,f,
1509,pap_4,16-Apr-2025,Swamp flycatcher,2,p,
1510,pap_3,16-Apr-2025,Black kite,4,t,
1511,pap_3,16-Apr-2025,Black kite,1,f,
1512,pap_3,16-Apr-2025,Little egret,5,p,
1513,pap_3,16-Apr-2025,Little egret,1,t,
1514,pap_3,16-Apr-2025,Little egret,2,f,
1515,pap_3,16-Apr-2025,Long-tailed cormorant,7,p,
1516,pap_3,16-Apr-2025,Malachite kingfisher,1,p,
1517,pap_3,16-Apr-2025,Northern brown-throated weaver,30,p,
1518,pap_3,16-Apr-2025,Pied kingfisher,26,p,
1519,pap_3,16-Apr-2025,Pied kingfisher,2,f,
1520,pap_3,16-Apr-2025,Red-chested sunbird,1,t,
1521,pap_3,16-Apr-2025,Red-chested sunbird,2,f,
1522,pap_3,16-Apr-2025,Slender-billed weaver,7,p,
1523,pap_3,16-Apr-2025,Striated heron,1,p,
1524,pap_3,16-Apr-2025,Swamp flycatcher,4,p,
1525,pap_3,16-Apr-2025,Zitting cisticola,1,p,
1526,pap_3,16-Apr-2025,African fish eagle,1,t,
1527,pap_3,16-Apr-2025,Bronze mannikin,5,f,
1528,tree_4,16-Apr-2025,Black-headed gonolek,1,t,
1529,tree_4,16-Apr-2025,Little egret,1,t,
1530,tree_4,16-Apr-2025,Long-tailed cormorant,3,t,
1531,tree_4,16-Apr-2025,Northern brown-throated weaver,6,t,
1532,tree_4,16-Apr-2025,Pied kingfisher,24,t,
1533,tree_4,16-Apr-2025,Pied kingfisher,2,f,
1534,tree_4,16-Apr-2025,Red-chested sunbird,5,t,
1535,pap_1,17-Apr-2025,Common bullbul,2,p,
1536,pap_1,17-Apr-2025,Malachite kingfisher,1,p,
1537,pap_1,17-Apr-2025,Northern brown-throated weaver,26,p,
1538,pap_1,17-Apr-2025,Northern brown-throated weaver,2,f,
1539,pap_1,17-Apr-2025,Pied kingfisher,14,p,
1540,pap_1,17-Apr-2025,Pied kingfisher,1,t,
1541,pap_1,17-Apr-2025,Sand martin,16,f,
1542,pap_1,17-Apr-2025,Slender-billed weaver,15,p,
1543,pap_1,17-Apr-2025,Swamp flycatcher,18,p,
1544,pap_1,17-Apr-2025,Swamp flycatcher,2,t,
1545,pap_1,17-Apr-2025,Blue capped cordon blue,1,f,
1546,pap_2,17-Apr-2025,Long-tailed cormorant,1,f,
1547,pap_2,17-Apr-2025,Malachite kingfisher,1,p,
1548,pap_2,17-Apr-2025,Malachite kingfisher,1,f,
1549,pap_2,17-Apr-2025,Northern brown-throated weaver,25,p,
1550,pap_2,17-Apr-2025,Northern brown-throated weaver,12,t,
1551,pap_2,17-Apr-2025,Northern brown-throated weaver,8,f,
1552,pap_2,17-Apr-2025,Pied kingfisher,7,p,
1553,pap_2,17-Apr-2025,Pied kingfisher,1,t,
1554,pap_2,17-Apr-2025,Red-eyed dove,1,f,
1555,pap_2,17-Apr-2025,Sand martin,5,f,
1556,pap_2,17-Apr-2025,Slender-billed weaver,5,p,
1557,pap_2,17-Apr-2025,Slender-billed weaver,3,t,
1558,pap_2,17-Apr-2025,Slender-billed weaver,1,f,
1559,pap_2,17-Apr-2025,Swamp flycatcher,15,p,
1560,pap_2,17-Apr-2025,Zitting cisticola,1,p,
1561,pap_2,17-Apr-2025,Spur-winged goose,2,f,
1562,tree_1,17-Apr-2025,Long-tailed cormorant,3,t,
1563,tree_1,17-Apr-2025,Northern brown-throated weaver,10,t,
1564,tree_1,17-Apr-2025,Northern brown-throated weaver,4,f,
1565,tree_1,17-Apr-2025,Pied kingfisher,15,t,
1566,tree_1,17-Apr-2025,Pied kingfisher,2,f,
1567,tree_1,17-Apr-2025,Red-chested sunbird,3,t,
1568,tree_1,17-Apr-2025,Red-eyed dove,1,t,
1569,tree_1,17-Apr-2025,Sand martin,10,t,
1570,tree_1,17-Apr-2025,Slender-billed weaver,3,t,
1571,tree_1,17-Apr-2025,Striated heron,1,f,
1572,tree_1,17-Apr-2025,Swamp flycatcher,11,t,
1573,tree_1,17-Apr-2025,Beautiful sunbird,1,t,
1574,tree_1,17-Apr-2025,Bronze mannikin,1,f,
1575,tree_1,17-Apr-2025,Yellow fronted canary,2,f,
1576,tree_2,17-Apr-2025,Black kite,1,f,
1577,tree_2,17-Apr-2025,Long-tailed cormorant,12,t,
1578,tree_2,17-Apr-2025,Long-tailed cormorant,2,f,
1579,tree_2,17-Apr-2025,Northern brown-throated weaver,11,t,
1580,tree_2,17-Apr-2025,Northern brown-throated weaver,2,f,
1581,tree_2,17-Apr-2025,Pied kingfisher,6,t,
1582,tree_2,17-Apr-2025,Pied kingfisher,5,f,
1583,tree_2,17-Apr-2025,Red-chested sunbird,1,t,
1584,tree_2,17-Apr-2025,Red-chested sunbird,2,f,
1585,tree_2,17-Apr-2025,Red-eyed dove,2,f,
1586,tree_2,17-Apr-2025,Ring-necked dove,2,t,
1587,tree_2,17-Apr-2025,Sand martin,20,t,
1588,tree_2,17-Apr-2025,Sand martin,16,f,
1589,tree_2,17-Apr-2025,Swamp flycatcher,3,t,
1590,tree_2,17-Apr-2025,Marabou stork,4,f,
1591,tree_2,17-Apr-2025,Cardinal woodpecker,1,t,
1592,tree_2,17-Apr-2025,African fish eagle,1,f,
1593,tree_2,17-Apr-2025,Grey-capped warbler,1,t,
1594,tree_2,17-Apr-2025,Hadada ibis,1,t,
1595,tree_2,17-Apr-2025,Yellow-billed stork,2,f,
1596,tree_3,17-Apr-2025,Black-headed gonolek,2,t,
1597,tree_3,17-Apr-2025,Long-tailed cormorant,4,t,
1598,tree_3,17-Apr-2025,Long-tailed cormorant,2,f,
1599,tree_3,17-Apr-2025,Long-tailed cormorant,2,w,
1600,tree_3,17-Apr-2025,Northern brown-throated weaver,14,t,
1601,tree_3,17-Apr-2025,Northern brown-throated weaver,5,f,
1602,tree_3,17-Apr-2025,Pied kingfisher,15,t,
1603,tree_3,17-Apr-2025,Pied kingfisher,6,f,
1604,tree_3,17-Apr-2025,Red-chested sunbird,2,t,
1605,tree_3,17-Apr-2025,Red-chested sunbird,1,f,
1606,tree_3,17-Apr-2025,Ring-necked dove,1,t,
1607,tree_3,17-Apr-2025,Sand martin,3,f,
1608,tree_3,17-Apr-2025,Slender-billed weaver,2,t,
1609,tree_3,17-Apr-2025,Swamp flycatcher,8,t,
1610,tree_3,17-Apr-2025,Yellow fronted canary,3,t,
1611,tree_3,17-Apr-2025,Black crake,1,t,